category,title,date,source,link
label_expansions,"Generic Drug Facilities, Sites and Organization Lists",2026-02-13,FDA What's New: Drugs · Match: Generic,
conference_abstracts,"Data Demonstrates Safety, Efficacy of Abbott's Ablation Catheters for Treating Atrial Fibrillation - Diagnostic and Interventional Cardiology",2026-02-06,Google News: atrial fibrillation (7d) · Match: Abbott,
conference_abstracts,Argá Medtech Reports Clinical Results of First-in-Human BURST-AF Trial of Single-Catheter PFA System - Diagnostic and Interventional Cardiology,2026-02-09,Google News: atrial fibrillation (7d) · Match: Argá Medtech,
conference_abstracts,Abbott announces late-breaking data from global VOLT-AF and FOCALFLEX studies - Cardiac Rhythm News,2026-02-12,Google News: atrial fibrillation (7d) · Match: Abbott,
conference_abstracts,Pulse Biosciences presents latest data from first-in-human study evaluating nPulse cardiac catheter system - Cardiac Rhythm News,2026-02-13,Google News: atrial fibrillation (7d) · Match: Pulse Biosciences,
conference_abstracts,J&J presents early outcomes from OMNY-AF pilot study alongside new Varipulse platform data - Cardiac Rhythm News,2026-02-10,Google News: atrial fibrillation (7d) · Match: VARIPULSE Platform,
conference_abstracts,Abbott initiates UK pilot of Volt PFA system - Medical Device Network,2026-02-12,Google News: atrial fibrillation (7d) · Match: Abbott,
conference_abstracts,Argá Medtech reports 94% lesion durability and “strong safety profile” with single-catheter PFA system - Cardiac Rhythm News,2026-02-11,Google News: atrial fibrillation (7d) · Match: Argá Medtech,
conference_abstracts,Abbott reports positive VERITAS study results for AFib - Medical Device Network,2026-02-09,Google News: atrial fibrillation (7d) · Match: Abbott,
conference_abstracts,Field Medical presents late-breaking Field PULSE trial data at 2026 AF symposium - Cardiac Rhythm News,2026-02-11,Google News: atrial fibrillation (7d) · Match: Field Medical,
conference_abstracts,Pulse Biosciences Highlights Strong AF Outcomes From NPulse Feasibility Study - Nasdaq,2026-02-09,Google News: atrial fibrillation (7d) · Match: Pulse Biosciences,
conference_abstracts,Argá Medtech Reports 94% Lesion Durability and Strong Safety Profile in First-in-Human BURST-AF Trial of Single-Catheter PFA System - The Manila Times,2026-02-09,Google News: AF Symposium (7d) · Match: Argá Medtech,
conference_abstracts,Boston Scientific Farapulse PFA outperforms thermal ablation in study - massdevice.com,2026-02-10,Google News: atrial fibrillation (7d) · Match: Boston Scientific,
conference_abstracts,Pulse Biosciences Heart Device Data Fuels Stock Surge - Benzinga,2026-02-06,Google News: atrial fibrillation (7d) · Match: Pulse Biosciences,
conference_abstracts,"Johnson & Johnson MedTech has encouraging Omnypulse results, more data backs Varipulse - massdevice.com",2026-02-07,Google News: atrial fibrillation (7d) · Match: Johnson & Johnson MedTech,
conference_abstracts,Argá Medtech Reports 94% Lesion Durability and Strong - GlobeNewswire,2026-02-09,Google News: atrial fibrillation (7d) · Match: Argá Medtech,
conference_abstracts,Abbott stock price: Insider buy and fresh AFib data put ABT back on watch for Monday - TechStock²,2026-02-08,Google News: atrial fibrillation (7d) · Match: Abbott,
conference_abstracts,Abbott stock rises on AFib device data buzz as traders weigh FDA overhang - Bez Kabli,2026-02-10,Google News: atrial fibrillation (7d) · Match: Abbott,
conference_abstracts,Pulse Biosciences Reports Groundbreaking Clinical Trial Data for Heart Treatment Technology - AD HOC NEWS,2026-02-10,Google News: atrial fibrillation (7d) · Match: Pulse Biosciences,
press_pipeline,Boston Scientific to participate in TD Cowen's 46th Annual Health Care Conference - PR Newswire,2026-02-13,Google News: AFib watchlist 8 · Match: Boston Scientific,
press_pipeline,Abbott breaks with Trump over president’s call to nationalize elections - Houston Public Media,2026-02-10,Google News: AFib watchlist 8 · Match: Abbott,
press_pipeline,From Abbott Elementary to New Girl: 11 Hilarious Valentine's Day Episodes You Should Watch - televisionacademy.com,2026-02-13,Google News: AFib watchlist 8 · Match: Abbott,
press_pipeline,Greg Abbott is the only credible choice in GOP primary for Texas governor - San Antonio Express-News,2026-02-13,Google News: AFib watchlist 8 · Match: Abbott,
press_pipeline,Does Boston Scientific’s 2026 Double-Digit Sales Outlook and Leadership Shift Change The Bull Case For BSX? - simplywall.st,2026-02-13,Google News: AFib watchlist 8 · Match: Boston Scientific,
press_pipeline,Abbott’s primary isn’t where Texas’ future will be decided | Editorial - Austin American-Statesman,2026-02-13,Google News: AFib watchlist 8 · Match: Abbott,
press_pipeline,Gov. Abbott targets 'out-of-control' property taxes with new five-point tax relief plan - FOX 26 Houston,2026-02-12,Google News: AFib watchlist 8 · Match: Abbott,
press_pipeline,"Governor Abbott, Secretary Rollins Take Action To Protect Agriculture In South Texas - Office of the Texas Governor (.gov)",2026-02-09,Google News: AFib watchlist 8 · Match: Abbott,
press_pipeline,"Paxton, Abbott set to make Tyler stops - Tyler Morning Telegraph",2026-02-13,Google News: AFib watchlist 8 · Match: Abbott,
press_pipeline,Greg Abbott Announces $4.16 Million Boost For Arm’s Austin Semiconductor Lab - Yahoo Finance,2026-02-13,Google News: AFib watchlist 8 · Match: Abbott,
press_pipeline,Governor Abbott Announces Texas Semiconductor Innovation Fund Grant to Arm Inc. - texasinsider,2026-02-13,Google News: AFib watchlist 8 · Match: Abbott,
press_pipeline,Adam Silver doesn't face the media often - TrueHoop | Henry Abbott,2026-02-13,Google News: AFib watchlist 8 · Match: Abbott,
press_pipeline,"Gov. Abbott bans SHEIN, other websites affiliated with China - The Daily Texan",2026-02-12,Google News: AFib watchlist 8 · Match: Abbott,
press_pipeline,Abbott Laboratories $ABT Shares Purchased by Public Sector Pension Investment Board - MarketBeat,2026-02-13,Google News: AFib watchlist 8 · Match: Abbott,
press_pipeline,Greg Abbott launches rural TV ad targeting Crockett and out-of-state Democrats - Austin American-Statesman,2026-02-12,Google News: AFib watchlist 8 · Match: Abbott,https://news.google.com/rss/articles/CBMikgFBVV95cUxONmN0ZUNVWjVXSUZtWk5TOHNOQXZZenBfenVQVUpFTEt2Q29EYnJrallKWXAzdk5lNk1JRTUzV3JNU1phalBfS0hIbWhVWm5aTjhWTEk1S0pkdUkwOUVCVnk4M0VWdkFJQ0M0aTVpZUQ1NGtkZ3dkN0E3SHVmcUc5Z1hDdS1iVVNMZVJSUmphVTA0UQ?oc=5
press_pipeline,"Krilogy Financial LLC Acquires Shares of 9,560 Abbott Laboratories $ABT - MarketBeat",2026-02-13,Google News: AFib watchlist 8 · Match: Abbott,
press_pipeline,When Does ‘Abbott Elementary’ Return With New Episodes on ABC? - Decider,2026-02-11,Google News: AFib watchlist 8 · Match: Abbott,
press_pipeline,Texas Gov. Greg Abbott scores endorsement from 800 Texas music venues - Dallas News,2026-02-12,Google News: AFib watchlist 8 · Match: Abbott,
press_pipeline,Freemont Management S.A. Trims Holdings in Abbott Laboratories $ABT - MarketBeat,2026-02-13,Google News: AFib watchlist 8 · Match: Abbott,
press_pipeline,Freemont Management S.A. Lowers Position in Boston Scientific Corporation $BSX - MarketBeat,2026-02-13,Google News: AFib watchlist 8 · Match: Boston Scientific,
press_pipeline,Gov. Greg Abbott campaign sounds alarm on Texas blue wave - El Paso Times,2026-02-10,Google News: AFib watchlist 8 · Match: Abbott,
press_pipeline,Greg Abbott’s Chances of Losing Texas Governor Election: New Poll - Newsweek,2026-02-11,Google News: AFib watchlist 8 · Match: Abbott,
press_pipeline,Texas Democrat in Striking Distance of Beating Greg Abbott—Internal Poll - Newsweek,2026-02-12,Google News: AFib watchlist 8 · Match: Abbott,
press_pipeline,"‘Abbott Elementary’ Fans React to Extended February Break: ‘Quinta, Why?’ - Parade",2026-02-11,Google News: AFib watchlist 8 · Match: Abbott,
press_pipeline,Boston Scientific Corp (NYSE:BSX) Emerges as a Prime GARP Candidate - ChartMill,2026-02-13,Google News: AFib watchlist 8 · Match: Boston Scientific,
press_pipeline,Abbott outlines five-point property tax reform plan - The Black Chronicle,2026-02-13,Google News: AFib watchlist 8 · Match: Abbott,
press_pipeline,Credibility of state agriculture agency at center of Abbott endorsement - The Center Square,2026-02-13,Google News: AFib watchlist 8 · Match: Abbott,
press_pipeline,NHS hospitals pilot Abbott Volt PFA system - Med-Tech Insights,2026-02-13,Google News: AFib watchlist 8 · Match: Abbott,
press_pipeline,Boston Scientific Farapulse PFA outperforms thermal ablation in study - massdevice.com,2026-02-09,Google News: AFib watchlist 8 · Match: Boston Scientific,
press_pipeline,Governor Abbott Cuts Ribbon At Element3 Lithium Extraction Facility - Office of the Texas Governor (.gov),2026-02-06,Google News: AFib watchlist 8 · Match: Abbott,
press_pipeline,Abbott announces late-breaking data from global VOLT-AF and FOCALFLEX studies - Cardiac Rhythm News,2026-02-12,Google News: AFib watchlist 8 · Match: Abbott,
press_pipeline,More North Texas Students Walk Out as Abbott Threatens Consequences - Dallas Observer,2026-02-10,Google News: AFib watchlist 8 · Match: Abbott,
press_pipeline,Abbott Labs Just Extended Its Dividend Aristocrat Status: What Comes Next? - 24/7 Wall St.,2026-02-12,Google News: AFib watchlist 8 · Match: Abbott,
press_pipeline,ABT.SW Abbott Laboratories (SIX) volume spike 40x avg: watch CHF100.00 support - Meyka,2026-02-13,Google News: AFib watchlist 8 · Match: Abbott,
press_pipeline,"Despite Abbott endorsement, Sheets trails incumbent Miller in Agriculture Commissioner race - KXAN Austin",2026-02-13,Google News: AFib watchlist 8 · Match: Abbott,
press_pipeline,"Texas Agriculture Commissioner Sid Miller reacts to Gov. Abbott's endorsement of his challenger: ""I wasn't surprised."" - CBS News",2026-02-08,Google News: AFib watchlist 8 · Match: Abbott,
press_pipeline,"Abbott TV Ads In Rural Texas Target Crockett, Other Democrats - 710 KURV",2026-02-13,Google News: AFib watchlist 8 · Match: Abbott,
press_pipeline,Abbott Labs: The Healthcare Dividend Stock I'd Happily Hold Forever - The Motley Fool,2026-02-12,Google News: AFib watchlist 8 · Match: Abbott,
press_pipeline,"Why There's No New Abbott Elementary Tonight (Feb 11) & When Season 5, Episode 17 Releases - Screen Rant",2026-02-11,Google News: AFib watchlist 8 · Match: Abbott,
press_pipeline,Abbott awards $21.8M grant to Davie Defense for Galveston shipbuilding | Local News | The Daily News - galvnews.com,2026-02-12,Google News: AFib watchlist 8 · Match: Abbott,
press_pipeline,"Sandra Lou Abbott Obituary February 10, 2026 - Yoder-Culp Funeral Home",2026-02-10,Google News: AFib watchlist 8 · Match: Abbott,
press_pipeline,Abbott initiates UK pilot of Volt PFA system - Medical Device Network,2026-02-12,Google News: AFib watchlist 8 · Match: Abbott,
press_pipeline,The Top 5 Analyst Questions From Boston Scientific’s Q4 Earnings Call - TradingView,2026-02-11,Google News: AFib watchlist 8 · Match: Boston Scientific,
press_pipeline,Tony Abbott issues Taylor a warning on what not to become - Australian Broadcasting Corporation,2026-02-13,Google News: AFib watchlist 8 · Match: Abbott,
press_pipeline,"Rollins, Abbott open sterile fly facility in Texas - The Fence Post",2026-02-10,Google News: AFib watchlist 8 · Match: Abbott,
press_pipeline,"After a 15% Drop, Is Abbott Stock Set Up for a Comeback in 2026? - TIKR.com",2026-02-10,Google News: AFib watchlist 8 · Match: Abbott,
press_pipeline,MJ Abbott - Golf Course Architecture Magazine,2026-02-09,Google News: AFib watchlist 8 · Match: Abbott,
press_pipeline,Abbott proposes five-point plan targeting Texas property taxes - Audacy,2026-02-12,Google News: AFib watchlist 8 · Match: Abbott,
press_pipeline,Boston Scientific tests make-or-break support after steep decline - FXStreet,2026-02-11,Google News: AFib watchlist 8 · Match: Boston Scientific,
press_pipeline,"Abbott Laboratories (ABT): Short-Term Headwinds, Strategic Pipeline Strength, and UBS Buy Rating - Yahoo Finance",2026-02-08,Google News: AFib watchlist 8 · Match: Abbott,
press_pipeline,"Gov. Greg Abbott, Sec. Rollins, USDA announces significant step to combat New World Screwworm - KXXV",2026-02-09,Google News: AFib watchlist 8 · Match: Abbott,
press_pipeline,"Trade Tracker: Monolithic Power, Astera Labs, Genpact, Pinnacle Financial, First Citizens Bank, HealthEquity, Boston Scientific and the XBI - CNBC",2026-02-11,Google News: AFib watchlist 8 · Match: Boston Scientific,
press_pipeline,"Booker T. Students Protest ICE, Abbott - D Magazine",2026-02-10,Google News: AFib watchlist 8 · Match: Abbott,
press_pipeline,Felda Abbott - Index-Journal,2026-02-11,Google News: AFib watchlist 8 · Match: Abbott,
press_pipeline,Cibc World Market Inc. Reduces Stock Holdings in Abbott Laboratories $ABT - MarketBeat,2026-02-12,Google News: AFib watchlist 8 · Match: Abbott,
press_pipeline,"Dallas students walk out to protest immigration crackdown amid threats from Abbott, TEA - Dallas News",2026-02-10,Google News: AFib watchlist 8 · Match: Abbott,
press_pipeline,"Despite Pressure From Abbott, AISD Students Keep Up Anti-ICE Protests - The Austin Chronicle",2026-02-12,Google News: AFib watchlist 8 · Match: Abbott,
press_pipeline,Wealthfront Advisers LLC Reduces Stock Position in Abbott Laboratories $ABT - MarketBeat,2026-02-10,Google News: AFib watchlist 8 · Match: Abbott,
press_pipeline,"Gov. Abbott, US Agriculture Secretary Rollins to deliver remarks in Edinburg - ValleyCentral.com",2026-02-09,Google News: AFib watchlist 8 · Match: Abbott,
press_pipeline,Abbott holds round table discussion in Mission to talk strategies to get Mexico to fulfill water deal - KRGV,2026-02-10,Google News: AFib watchlist 8 · Match: Abbott,
press_pipeline,Abbott's Frozen Custard closes in Atascocita - Community Impact | News,2026-02-09,Google News: AFib watchlist 8 · Match: Abbott,
press_pipeline,Abbott’s Freeze on H-1B Visas Raises Concerns for Public Universities - The Austin Chronicle,2026-02-12,Google News: AFib watchlist 8 · Match: Abbott,
press_pipeline,DexCom earnings up next: Can G7 rollout offset Abbott competition? By Investing.com - Investing.com Nigeria,2026-02-12,Google News: AFib watchlist 8 · Match: Abbott,
press_pipeline,"Texas Battles Water Crisis, Parasite Threats: Abbott, Rollins Lead Action - Dallas Express",2026-02-10,Google News: AFib watchlist 8 · Match: Abbott,
press_pipeline,Our limit is pain - TrueHoop | Henry Abbott,2026-02-12,Google News: AFib watchlist 8 · Match: Abbott,
press_pipeline,"Lauren Abbott, E-P win one for coach Chris Brown at Princeton - Shaw Local",2026-02-10,Google News: AFib watchlist 8 · Match: Abbott,
press_pipeline,The Top 5 Analyst Questions From Boston Scientific’s Q4 Earnings Call - The Globe and Mail,2026-02-10,Google News: AFib watchlist 8 · Match: Boston Scientific,
press_pipeline,J&J presents early outcomes from OMNY-AF pilot study alongside new Varipulse platform data - Cardiac Rhythm News,2026-02-10,Google News: AFib watchlist 14 · Match: VARIPULSE Platform,
press_pipeline,Late-breaking data show positive safety outcomes and closure rates for new Abbott device designed to reduce stroke risk in non-valvular AFib patients,2026-02-06,Abbott MediaRoom (Press Releases) · Match: Abbott,
label_expansions,Generic Drug User Fee Amendments,2026-02-13,FDA What's New: Drugs · Match: Generic,
conference_abstracts,Argá Medtech reports 94% lesion durability and strong safety profile in PFA trial - Health Tech World,2026-02-12,Google News: atrial fibrillation (7d) · Match: Argá Medtech,
press_pipeline,Investigational Asundexian Shows Reduction in Ischemic Stroke - Drug Topics,2026-02-10,Google News: AFib watchlist 1 · Match: Asundexian,
press_pipeline,Argá Medtech reports 94% lesion durability and “strong safety profile” with single-catheter PFA system - Cardiac Rhythm News,2026-02-11,Google News: AFib watchlist 13 · Match: Argá Medtech,
press_pipeline,Argá Medtech Reports Clinical Results of First-in-Human BURST-AF Trial of Single-Catheter PFA System - Diagnostic and Interventional Cardiology,2026-02-09,Google News: AFib watchlist 13 · Match: Argá Medtech,
press_pipeline,Argá Medtech data supports single-catheter PFA system - massdevice.com,2026-02-10,Google News: AFib watchlist 13 · Match: Argá Medtech,
press_pipeline,"Johnson & Johnson MedTech has encouraging Omnypulse results, more data backs Varipulse - massdevice.com",2026-02-07,Google News: AFib watchlist 14 · Match: Johnson & Johnson MedTech,
conference_abstracts,Abbott Reports Strong Results for Amulet 360 LAA Occlusion Device - Medical Product Outsourcing,2026-02-09,Google News: atrial fibrillation (7d) · Match: Abbott,
press_pipeline,"Governor Abbott, TWC Announce Over $163,000 Job Training Grant For Workforce Solutions Rural Capital Area - Texas Workforce Commission (.gov)",2026-02-13,Google News: AFib watchlist 8 · Match: Abbott,
press_pipeline,"Abbott unveils 5-point plan to overhaul Texas property taxes, targeting relief for homeowners - Fox Business",2026-02-13,Google News: AFib watchlist 8 · Match: Abbott,
press_pipeline,"Rollins, Abbott open sterile fly facility in Texas - Tri-State Livestock News",2026-02-14,Google News: AFib watchlist 8 · Match: Abbott,
press_pipeline,"Paxton, Abbott to make stops next week in Tyler - Marshall News Messenger",2026-02-14,Google News: AFib watchlist 8 · Match: Abbott,
press_pipeline,Star-Telegram endorsement: This Democrat is positioned best to take on Abbott - Fort Worth Star-Telegram,2026-02-14,Google News: AFib watchlist 8 · Match: Abbott,
press_pipeline,Rob Abbott: How HEOR Guides Real-World Healthcare Decisions - Oncodaily,2026-02-14,Google News: AFib watchlist 8 · Match: Abbott,
press_pipeline,Gov. Abbott activates state emergency resources ahead of severe storms - Click2Houston,2026-02-14,Google News: AFib watchlist 8 · Match: Abbott,
press_pipeline,Abbott Supports HUD Investigation Into East Plano Islamic Center - Texas Border Business,2026-02-13,Google News: AFib watchlist 8 · Match: Abbott,
press_pipeline,Gov. Abbott backs investigation into EPIC City development - WFAA,2026-02-14,Google News: AFib watchlist 8 · Match: Abbott,
press_pipeline,Abbott ups Texas' readiness ahead of Valentine’s Day storm threat - FOX 26 Houston,2026-02-13,Google News: AFib watchlist 8 · Match: Abbott,
press_pipeline,"Jeanette Abbott Obituary (2026) - Neptune City, NJ - Ely Funeral Home - Neptune - Legacy | Obituary",2026-02-14,Google News: AFib watchlist 8 · Match: Abbott,
press_pipeline,Abbott Homer Lifts Hornet Ballplayers Past #23 MSU Denver - KVOE,2026-02-13,Google News: AFib watchlist 8 · Match: Abbott,
press_pipeline,Abbott Homerun Helps Hornet Baseball to 5-4 Win over #23 Roadrunners - Emporia State University Athletics,2026-02-13,Google News: AFib watchlist 8 · Match: Abbott,
press_pipeline,"Attorney General Ken Paxton, Gov. Greg Abbott set to make Tyler stops - cbs19.tv",2026-02-13,Google News: AFib watchlist 8 · Match: Abbott,
press_pipeline,Governor Greg Abbott appoints El Pasoan to Texas Transportation Commission - KVIA,2026-02-13,Google News: AFib watchlist 8 · Match: Abbott,
press_pipeline,Calculating The Fair Value Of Abbott Laboratories (NYSE:ABT) - Yahoo Finance,2026-02-11,Google News: AFib watchlist 8 · Match: Abbott,
press_pipeline,Abbott Laboratories: A Key Reduction in Robert Bruce's Portfolio - GuruFocus,2026-02-13,Google News: AFib watchlist 8 · Match: Abbott,
press_pipeline,Boston Scientific Board Change Puts Growth And Risk Oversight In Focus - Yahoo Finance,2026-02-10,Google News: AFib watchlist 8 · Match: Boston Scientific,
press_pipeline,United States: Texas Governor Abbott Activates State Emergency Response Resources Ahead of Severe Storm Risk - The St Kitts Nevis Observer,2026-02-13,Google News: AFib watchlist 8 · Match: Abbott,
press_pipeline,"Cognizant, Infosys top Texas H-1B list amid Greg Abbott’s hiring pause - The American Bazaar",2026-02-13,Google News: AFib watchlist 8 · Match: Abbott,
press_pipeline,Thomas Abbott Obituary - The Daily American - Daily American,2026-02-13,Google News: AFib watchlist 8 · Match: Abbott,
press_pipeline,Gov. Abbott Announces Major Texas Semiconductor Innovation Grant to Arm Inc. - texasinsider.org,2026-02-13,Google News: AFib watchlist 8 · Match: Abbott,https://news.google.com/rss/articles/CBMisgFBVV95cUxOaWhSUUdjX2hPSkZjcUlxVjRGRXJGMS16c09XU0tETVpvWHJ3ZzdDR3o0eGRTSnVZWmpWZFY5YmRDNW9YaGxnRlRId1BtOW9MNUlFRjktakNjb3laVTRtZXNvZ1VTTVJtd0YxcTROWjNTa0RpWlRsS1l2QlpMM2xEMmZ5R19pbFR1UVhlZlQxNjNOTWV4SU81RUU3N3BQN1l5RXhsdWhHYnFVYUw0SUdkZ3F3?oc=5
press_pipeline,Abbott’s three-run home run powers Hornets to win on Day One of Steve Anson Classic - KSNT 27 News,2026-02-13,Google News: AFib watchlist 8 · Match: Abbott,
press_pipeline,Abbott's Texas Property Tax Reform Plan: 5 Key Proposals | 2026 Campaign - News and Statistics - IndexBox,2026-02-13,Google News: AFib watchlist 8 · Match: Abbott,
press_pipeline,"Terri Lee Abbott Obituary (2026) - Fargo, ND - Hanson-Runsvold Funeral Home - Legacy | Obituary",2026-02-13,Google News: AFib watchlist 8 · Match: Abbott,
press_pipeline,"Caisse Des Depots ET Consignations Buys 9,374 Shares of Abbott Laboratories $ABT - MarketBeat",2026-02-12,Google News: AFib watchlist 8 · Match: Abbott,
press_pipeline,"Abbott V. ""Curly"" Wood Jr. - Legacy | Obituary",2026-02-11,Google News: AFib watchlist 8 · Match: Abbott,
conference_abstracts,Abbott’s Volt PFA System Enters U.K. Pilot Amid Expanding Atrial Fibrillation Market - TipRanks,2026-02-15,Google News: atrial fibrillation (7d) · Match: Abbott,https://news.google.com/rss/articles/CBMiygFBVV95cUxQQ0Vva1N5QVd4UkdfYy1uaEtzWkJhd2VIN0VQVkh6aXFEZEp6TE42N0NDcUJncWtxcHNVbUZnUmFaNVVXTmJPQ1hWaGgzejJfa3hYVm5FbXMwWU1VYnlGOHNoMXFSVWlsWGtiRTc4QXpsZTQ1WVIxblIwLTY4MU1EOW9xdGR3SU5oQUZ3Z0xDQkJ2UlhuQ1ZZNE5LNFlibl9RQUhXWGJVX1N2UlN1ZXY2Ukc0dkFkNmptZVB2WkdFRG83OHhrZG5ZOGRB?oc=5
conference_abstracts,Abbott Volt PFA Pilot Signals Intensifying Competition in Atrial Fibrillation Market - TipRanks,2026-02-15,Google News: atrial fibrillation (7d) · Match: Abbott,https://news.google.com/rss/articles/CBMizAFBVV95cUxOaVdneHpVbzlGSDJrak5zdldSMHhnYmRCZVJoMlljbDZqYnlSMk5QeXViWm1UWHNud1RrVDAwd3gyX0dfZ3QtRDdieG54bV9nNVpqbU5XdHhPZUhGcm93bUpfc25sNHlvQWFnV3pscTkyM180Wng0dmdwa0VNZzRER1hDUlk5YUtEWFVKV0dOX0thWVVfZWFISVd1aTFQcUZGSmtLSGdYeDg5ZzFhVXZkQW0wcEFoRGw0NXREZEd4VDNfeW1MekpSNVgyNVk?oc=5
press_pipeline,Abbott steps into Texas GOP primaries as poll shows his picks trailing - Austin American-Statesman,2026-02-15,Google News: AFib watchlist 8 · Match: Abbott,https://news.google.com/rss/articles/CBMiogFBVV95cUxQajNEM3lnUGxiYjQtcnJYaHRYSGVfY05vYUQtR1B0dDBFcmRsM3pOLUNlVGYtYXBja0xlbzhDeVFpNUJvbmV6SnBhMW43WFVQQ3I3UjNWbU9DbXFZYTRZYlgxZU5UR0ladk84OTRXdlJobG1fcU5ScWJPYUc0MFBuanlZeEIwRDI5WkZNa1I1SF81ZklFdHliaDB3WVpUc0Z4UUE?oc=5
press_pipeline,Gov. Abbott claims Muslim-centric development in Collin County violates fair housing rules - WFAA,2026-02-15,Google News: AFib watchlist 8 · Match: Abbott,https://news.google.com/rss/articles/CBMi_AFBVV95cUxQNmFvdUhRZldxTmlKQTNCSWhJcWdFQjNrWU5ZbHpTR2s4RXpCM1dOODJKdWdySWplLXNlWnJtamRvS1dUWWdmcFdvNGo1clhYblQxbjlKdWF2ODBCdWZsOUszWjA4Q1o3Z3JzNUFxbEZnY3FlZUhoSUhGdmdSbHhqUHRJUmpVS3pOSlE3TFpZZ2xZOXlCcHlJTzJwZHBfd3lkajBYOGItc3diMy1SYk5vTE1yQTJWT093enVaUXhMYkt2ZktHaDVjQjRyXzlSUTFsQ0tNNGRMMTZ5NXNNMVdFWW9LT1lid053OXNwU1BOcHVuV1ZkZWFUOGJPVDI?oc=5
press_pipeline,State of New Jersey Common Pension Fund D Boosts Holdings in Abbott Laboratories $ABT - MarketBeat,2026-02-15,Google News: AFib watchlist 8 · Match: Abbott,https://news.google.com/rss/articles/CBMi3gFBVV95cUxOVG1FZzJfc05fZmxpek1fUkdPYTBDeTBuMTJlOVE4NWFJaEl2dS1Pd1duZERhQUdwSG9YWjRMbWFZN0tzd1hMWWRfMmpIRTlpbWlOaGRfZ0NsNzdka3c0WENRblU3YjJXNUpnTERBWFlKSXlidUV6ZGd2d0lBclF6c0IzdlBGUkZBYU1UNzhyMjZpTUg0YUlKdkE3alJqbndJcHpyX2FndFQ0TnNXdi1CNXJJOUJnamZCWWRfM1Z6VWszcTlwUGVRUF9seFNQNnhOZk1feXkxTnQzNWJleUE?oc=5
press_pipeline,Texas Gov. Greg Abbott’s clout tested in high-stakes GOP comptroller primary March 3 - Dallas News,2026-02-15,Google News: AFib watchlist 8 · Match: Abbott,https://news.google.com/rss/articles/CBMixAFBVV95cUxNVjIzT24zcXB4U09qMDYybWtFQ05XZkg4ZGRFdm1JWnpsUzgtcThwcWR3YmJuMU1nTGw5Njh5a3lxaUFsQlB6VUYyYnp3RUNDSkMxUHp4NGdpLTF3QVZLd1pSaUxGTjBWbUlKNTVaUUg5WlVndktfZy1YOXFrSFZaVmpjLXYzSFJsQXFXUGJnVHFqTUlCOWRMQ2wzbXVXLWxNZ3NpdHFBSHMtNS14RWMtMXVueUZaX0trVlV0OTlna0Nra1pS?oc=5
press_pipeline,Boston Scientific Corporation (BSX) Maintains Analyst Ratings Amid Target Adjustments - Insider Monkey,2026-02-15,Google News: AFib watchlist 8 · Match: Boston Scientific,https://news.google.com/rss/articles/CBMixgFBVV95cUxPUDhPYmRDUUdBVV9YdWx3VzIybFVVdnhLSlZRa2Y2T1FPdDlfcUZhcmZnY2RvU3lJeXRxaUdQZDg2UmhweTl3cEFEcE9RYXJZSnFyM05zZEM3QU1XYmRsQ2k2WXAwYjE4N29LU1pZS1RNb05LODJ3N1hDWS1Dam12Um1HdlhYLTI2V05FVV9pZ3VmZ1ZVWjJNQmpycG9zTk1VdGotRnU1c29kUE9oQUhYRkJWS3VCM2VrQXVONFdYMmdaby1PZ1HSAc4BQVVfeXFMT2RTRF9GZDZnS1VnVGNQMXQ1ZUR4WTlrMzluMnB0QTVtQ0dMX2MwMEMzcHNPSzZJMmgtU1dUOHBVV1B3VUYwZnY5REtQdmxvTk04WHZmcmY0d3BDV21kam1PVzdCV3VFSGpBTUQtTGRNZGtVN0tHMDRMQkhjRDdlQ2tYUmxVYkZ6SF9yMGZtWkowOFYtcVVMaDVaTV9BYUUzeU5lWDBkQ05RR2ZjQldiQV9rR1VyWDFFcXZtRzFKd3B5a3hhT19oR3RNM3E1VGc?oc=5
press_pipeline,PNC Financial Services Group Inc. Reduces Position in Abbott Laboratories $ABT - MarketBeat,2026-02-15,Google News: AFib watchlist 8 · Match: Abbott,https://news.google.com/rss/articles/CBMi0wFBVV95cUxQcUYtU2Q3VFplaXM5STEtOVNsemcwMG1FcW5LZ09NMUhhNGZIb0xMdm5KdFYyTmhpcmFRazBlazZWYUxXeU9XNUdKaWV4TlJSeUZybHJXdlZvN2lsbm1sQTJxVGU1MUkyTTdGR3J5NXBsRVFzM2t4MXpPMUlwdWRlUjBxWXhqdlBwM25XYnpmNnc4UUM0NTloNURyZzU3eWgwc2Y0R0lJdGZhN0F0eW5SU211V1JLNGV2WG5sYmtyVGhnekNLcERXeDdVSzl3TjhPTXlr?oc=5
press_pipeline,Greg Abbott backing federal investigation into proposed Muslim-centric development in North Texas - WFAA,2026-02-15,Google News: AFib watchlist 8 · Match: Abbott,https://news.google.com/rss/articles/CBMijwJBVV95cUxOYTJnNUdRaXp2dVU0MlVhcTl2QlQ0cVpNZ0pNYWVwZ29NNW8ybTNNWVJuWkFGUklGQkV4Z19kY0tJU3JCd09vdzdjd3VNY1FwSmJZYUZSZ2tWS2o2b09fb1VvNVlUQmJaN1Jobk1ETXdXdTcyT01rMGd4dXlvcWRJMjVnUmVRUzNlNDQwR3lOVkJnanNNbWtseGdHTFVHaVBMVGprSkhtejEtSlpxRFFIV3FvczB4Qngxb1Izb00yMWNUNURFamNhYm5kdGV3MUFDVElkYUVIUXBkcGQ3UjdzTTBncTFUR1BpMXdwV09mT195TUhEeXpHd3hwTGpNYzNlSzlXbmoybTRWRnVkT28w?oc=5
press_pipeline,GF Fund Management CO. LTD. Grows Stock Holdings in Abbott Laboratories $ABT - MarketBeat,2026-02-15,Google News: AFib watchlist 8 · Match: Abbott,https://news.google.com/rss/articles/CBMizwFBVV95cUxPNWxRT2FRWlBxa3ZkdmxyUDNIUmpMek1feFdTQVY1N0FBVlBwck1DRXp1eVBfVFlwLXRueldEZENBX0FCd3ZwazBPT1JCZlJGRjhNRXNYZVo2d1hBOWR5TUhRSXgyWjdqNUlwTnZqV0g4dVhHNWJKY0dXRXZTcmwzSmxXdWI2OTd1dUs4WTIweUF6RFR4TXpTbHYtWHFuRHFvaGNNUTY0eXFfVjZIbGxPTUtESzdkVjItQ19Sc3lzX0x4S1I3UGc5UlRnamF3NEk?oc=5
press_pipeline,"HighTower Advisors LLC Sells 35,569 Shares of Abbott Laboratories $ABT - MarketBeat",2026-02-15,Google News: AFib watchlist 8 · Match: Abbott,https://news.google.com/rss/articles/CBMiyAFBVV95cUxNQXdCTHMwTE5vblMydzVYVWo5REhkeXdqWWg1SXFjdEY5SWRvNENKS00xQWJ2RzhBcDROTFdNWm1MUzRhR3VWREJwbU85S1Yyemp2cmtGX3VZVGhMbHVGZTFINUpVZGZJaFh0RzBoeFplbGY2VWhzVjk4RDItZHlZMEVDOTJkQ1BUbGhLMGNoU3NEaDJpUDlXeDVkUXlSU0t1LTk3dG1Da2ZFYmwxXzUydndvWGREU05pemFFQUFHc1dHZjhMam15dw?oc=5
press_pipeline,"Aberdeen Group plc Sells 49,223 Shares of Abbott Laboratories $ABT - MarketBeat",2026-02-15,Google News: AFib watchlist 8 · Match: Abbott,https://news.google.com/rss/articles/CBMiwwFBVV95cUxNSWZrWjdYek16U09XbThKQXBXb3gtd1BBcVl1VVluMlFOQkhaMk9OQV91THo5RFdQMklxSVI1cjltcU0tM2luckwyZlVidGR4RUNrQzB4S1RoUFlRYndvblhDdGZ2LVJhcGdSQWRQRmhRZFU2RVBvRkg5ejAxRHgzb0wyRml4eE9QOW5Ca2g0WnpwQ3pBWWx5Z01fT2J1VFJhWElxUG42bDBaaFlaQkJvemQtdGpkTHNIVWgyNHA2UWctSEU?oc=5
press_pipeline,Aberdeen Group plc Has $257.62 Million Stake in Boston Scientific Corporation $BSX - MarketBeat,2026-02-15,Google News: AFib watchlist 8 · Match: Boston Scientific,https://news.google.com/rss/articles/CBMi1wFBVV95cUxOTmNvdnQxQVNiTVk5OGs3OWNtY2kxbDFnMXR6RlQzNXJoTXp3OW52Sk10U2V6SGE3LWZibGFfSlUwdmgwQTFJcXNZNEhIRWFMLUJvSVZfNi1fVFdiSUNTYVNvd0Y1SnlvRHFZSUoxTWtucHA0VjVpWUpabldvYldtcV92MC0tZkI1TjNXZlVkSFNod0NTWVhiMXM1TkwtcmlvcnZyY2dTV1NHQm1McjNwWmRjY2N1bFlUUjdwMlF3c2NpQkJBYmhMT21hZTA2dVdIVloxT29uUQ?oc=5
press_pipeline,Greg Abbott leads 'Get Out the Vote' rally in Beaumont on Feb. 18 - 12newsnow.com,2026-02-14,Google News: AFib watchlist 8 · Match: Abbott,https://news.google.com/rss/articles/CBMi2AFBVV95cUxPU243c0ZQaF9IZG9FYUNDaVpicmhhQjdScTdUT3ZRekhiWlczcGZsTEtWUFc2UTdmUWxCUkFwVXdVNVQwVWFiYnJJZExKTWN2b05QV1h5endrMm5wQ19vemRRNHEyanB4enVDYXBiZWJ1QWcyZGlOck9xSjFlU0gtVnZTaFUwRFJ4c0JrLUFDdVBkNlY3bmt0Y3ZhN0ZycUx1RGkxZFhGSG15U3JTd2JlNGNaRVUtZ2VRUjF3TFVYQnBDVU9PaFh5SnZEM3VFSGJrUkxVM2VXOVU?oc=5
press_pipeline,ABN Amro Investment Solutions Has $54.76 Million Stock Position in Boston Scientific Corporation $BSX - MarketBeat,2026-02-15,Google News: AFib watchlist 8 · Match: Boston Scientific,https://news.google.com/rss/articles/CBMi8AFBVV95cUxNTEtXMFV4M0RTZW9wWkV5QzVRblhDamhidnlNbFNPT29hTXpueVg5NXc5ZVVhNFpQS0Q2eEw0aTRBdlpyTDBZMDJZZXB5OWczaTk2NFdWMzZtejJoZTJzeHNkSGdDZzRCakVMcVBmclc1Y1JuUkhMNjljVC0xeHlqMU9GT1F6WVVHSVIxdGZHNHJxMk81VnQzZml2MnhnOEF0OXIzdmYyU09felpobjd5RTNvbXlfejJaNG9TdlRENWFTZVBCdkpTMEhjbnpfcno2bWMyQzMzLXFWZ2gzNDA4dUFsWFFlOWRoSlBLOHZhWG0?oc=5
press_pipeline,Greg Abbott leads 'Get Out the Vote' rally in Beaumont on Feb. 18 - 12newsnow.com,2026-02-15,Google News: AFib watchlist 8 · Match: Abbott,https://news.google.com/rss/articles/CBMi3wFBVV95cUxNc0c5aWpvN2F4amJNekUtekZGMzVzalpIWTduek9aSkxiNENnR2lwRURLempjc3EyT3QyQndoUUxpYVdCbTNKNTRRcEpXRGxna0xTS3FrY2JaRjd3b1BWUkFrVEFGT21vUlotTEJiUUNFQnZwV0N4TkUxZzRVamhZdEZhc3doM09yRklLaTZXRkc3OGNVV18xekNTNFNTSWhXYS1tcGpDNGY1blV0S1lUT0gwajNmNGJHcHhUNFZoTWY1R1cycDdwN2h6MDJianI3YjVuc3pTMkdSUzl0eGNn?oc=5
press_pipeline,"State of New Jersey Common Pension Fund D Purchases 21,386 Shares of Boston Scientific Corporation $BSX - MarketBeat",2026-02-15,Google News: AFib watchlist 8 · Match: Boston Scientific,https://news.google.com/rss/articles/CBMi9AFBVV95cUxOZElPZ0FpWE54WG9IejdxdGk4aGdIb0pxcFZod0xUVUhDTG9Pam4zaF9SbkdTSWpRbllUN2F0NUtaUW04dUc4aXByeGw5eEN0M3RMYURxeWpjb1Yxak9Kb1ZCb3lRV3NDSWVScGZzUjZEeVBOV2d2Y3NfanpKOGdndHRyRDFISmlORjFXa0RWTzAwR2VKSnkzcFJCWEpVNlQtWkxvSjhkV2stYzRrbE1qbGUzdHNuZEhUVS1lX0c4SWtWM3BFbzZaeWFSRVBvTW1UUVpWWmdWeEdRSkVrZXAtam5QU3RtcGtNZ3pURWhoZ0s5LUxV?oc=5
press_pipeline,Abbott’s Volt PFA System Enters U.K. Pilot as Global Market Surpasses $500 Million - TipRanks,2026-02-15,Google News: AFib watchlist 8 · Match: Abbott,https://news.google.com/rss/articles/CBMixgFBVV95cUxOWGZnMUZENmtOeURxNVptVjdqZ09sdlBydFFscjFnUlNvdmxtZmNJa190TnZoeGRRQ3NyMUNIWVgyb2NmekpoMXpMMXVWZDNZalZyb2JSZEw0UTY2MHFhczVhTmlTbXdoN3d2RGxiZlF3QWg0aDNZWTB0ckNmb0hMZTFxY2FnLWpHUHdzSmxKQzdabTNIWDJHeDhTdmpLZHNRemNCYWdTajYtSHVDZ0VoNnc5ZjNNUjdQakVCdGFNdzBYNm9mMEE?oc=5
press_pipeline,Key facts: Exact Sciences to merge with Abbott by Q2 2026; 2025 revenue up 18% - TradingView,2026-02-14,Google News: AFib watchlist 8 · Match: Abbott,https://news.google.com/rss/articles/CBMi0wFBVV95cUxQb2RQaTNUa1cxeXFSNXBOLWIxT0hJZzVfazQtNjg1TlZKdEJ3bnpaRWN2M2N5TExOOEx5RFliOG1OYmRNZm4tTThwWk1aeHpVSHFzd1cwV2JQZU4wT0xIVUJWUUlFR2NIbms1NElJWHpQWWxBVlFQNjFUSkZ0cmtzWm1oc240OXZKYnNRWUFfTEcwci1SYW9JQUpiazA1djNiWEs1YkRlVjlEWVo0WEZuSGN0eGRtRVZXWVo5czc5ODFtemNJbGFEV1hlaUZQVEVWQURJ?oc=5
press_pipeline,Exact Sciences Faces Rising Operational Risk and Strategic Constraints Amid Pending Abbott Merger - TipRanks,2026-02-15,Google News: AFib watchlist 8 · Match: Abbott,https://news.google.com/rss/articles/CBMi4wFBVV95cUxNOElBWHhoMmJmRUZzcEtWNGZEN04yS2hPdE4teUp1Vm9iTU9WSlR3OXh1UnNmODZ1SlB3ck5XYnVTSlFIYTZGbVJBRkZFNmp0MFBtU3NXOGEyRXhsZHdET21TbHVaendFNGtfTWRpN0NJZ0phaTNlNnFtZzljLVdIMXZhMHpvNUM2X3psd191emhGMlhnZDd5QUlGRzhEV0hwcVhlYzR0LUp0RE4xUWs3bjRJZktOVWUtUXpKeERWUWh0blJYLUxaWG9PSGoxODJiTjBpa0xNSXU0WUN0b0R0N0ItMA?oc=5
press_pipeline,"‘Abbott Elementary’ Season 5, Episode 13 “Candygrams” - Decider",2026-02-15,Google News: AFib watchlist 8 · Match: Abbott,https://news.google.com/rss/articles/CBMiiwFBVV95cUxQVnRGSTNJY2o3RG5FdkhNZENJeUd2azlWMlIzeE4zRUJUVE5BY1ZMRXRiTHpSLVZyX25NaDd6TExXd1BhR1MtS2dGY0J0SXllekNRT1oxNzU5QXViYjVsR1JUc1E5N3ZCa29WckVUbms3TTdRbzI5Wmg2MmlkMVBsVWRxV0lwWWhxSzRv?oc=5
press_pipeline,"From ""Abbott Elementary"" To ""Grey's Anatomy,"" Here Are 13 Popular Shows And Movies That Were Created By Black People - Yahoo",2026-02-14,Google News: AFib watchlist 8 · Match: Abbott,https://news.google.com/rss/articles/CBMingFBVV95cUxNVnZ2cXoyTmVEbklPSm1ycGp4MTVRc0JhdFZjckxwZUVnNFdRclRnaU90UGRURUM0NDhmNlR0RUhwd2M1eU1Bb2ZDTG5IVlRiUVBJLTZJZy1DSWNLRks5OEV4TEdxNmFRbWFWemxrcnNQZkVmVmdrOHpUbHpIc3ZvVHpEMEVKeEQ2d242dFluNWd1U1QtbzFxdllsU2E4QQ?oc=5
press_pipeline,Abbott Volt PFA Pilot Signals Intensifying Competition in Atrial Fibrillation Market - TipRanks,2026-02-15,Google News: AFib watchlist 8 · Match: Abbott,https://news.google.com/rss/articles/CBMizAFBVV95cUxOaVdneHpVbzlGSDJrak5zdldSMHhnYmRCZVJoMlljbDZqYnlSMk5QeXViWm1UWHNud1RrVDAwd3gyX0dfZ3QtRDdieG54bV9nNVpqbU5XdHhPZUhGcm93bUpfc25sNHlvQWFnV3pscTkyM180Wng0dmdwa0VNZzRER1hDUlk5YUtEWFVKV0dOX0thWVVfZWFISVd1aTFQcUZGSmtLSGdYeDg5ZzFhVXZkQW0wcEFoRGw0NXREZEd4VDNfeW1MekpSNVgyNVk?oc=5
press_pipeline,Thomas Abbott - Daily American,2026-02-13,Google News: AFib watchlist 8 · Match: Abbott,https://news.google.com/rss/articles/CBMiYkFVX3lxTE9XNThEVF9MQ0s0Y0JGR3I1bTN5bzVzcUNadk9DUXVzTFBrYXdkOC1tM09RUkJhYUZQNmZiY2t2WjlJT0xONHJHaHhZZFNYajNsUXBjZW1iVTdKRVpadWUyT2ZR?oc=5
press_pipeline,"Opposition pivots on migration: Abbott urges new Liberal leader to slash intake to 100,000 a year - VisaHQ",2026-02-14,Google News: AFib watchlist 8 · Match: Abbott,https://news.google.com/rss/articles/CBMi1AFBVV95cUxQR19Ickp0NjE0a1ZWRE9lUVBPQS00UUFvMTlYRkVBWDhzbU1ZLWNyOTl4Q0pHT2hFdFFsNVJUWGFldGFzeHM1ZUFsYjc1THNvSDczVXVjOTYxR3R6OXBaQ0VIOTVDbVJQVTlHSVFtX19tLXF2MDAyeUtRMDc5TTdJNXNhZWF4S1JBYkxzeUtOMnMxSjlxZFgzbHdEV3ZjMVptWnZNbWNoSmExWEp1Qk8xSUdMT2tPUHVQM0h6eTBGWnNRdUZqdjRlUFNST1ZDbzZ0NE5xdA?oc=5
press_pipeline,Abbott’s Volt PFA System Enters U.K. Pilot Amid Expanding Atrial Fibrillation Market - TipRanks,2026-02-15,Google News: AFib watchlist 8 · Match: Abbott,https://news.google.com/rss/articles/CBMiygFBVV95cUxQQ0Vva1N5QVd4UkdfYy1uaEtzWkJhd2VIN0VQVkh6aXFEZEp6TE42N0NDcUJncWtxcHNVbUZnUmFaNVVXTmJPQ1hWaGgzejJfa3hYVm5FbXMwWU1VYnlGOHNoMXFSVWlsWGtiRTc4QXpsZTQ1WVIxblIwLTY4MU1EOW9xdGR3SU5oQUZ3Z0xDQkJ2UlhuQ1ZZNE5LNFlibl9RQUhXWGJVX1N2UlN1ZXY2Ukc0dkFkNmptZVB2WkdFRG83OHhrZG5ZOGRB?oc=5
press_pipeline,Abbott Laboratories $ABT Shares Sold by Atria Investments Inc - MarketBeat,2026-02-12,Google News: AFib watchlist 8 · Match: Abbott,https://news.google.com/rss/articles/CBMivgFBVV95cUxNdWtEZGN6eEd5Y1lyMlF0OVdDMFNycVI2R3hyRVBOVXZWT2NTczFLem5ZZ2FjQk8zcEpLYl8wWk83dzhMOWVwSW1MWG9kVDJmTTgtS1pyM0c2U1owOWlUWFBKT3BRR1d4dTlPNE94Mndvb1kwSTVWaVFFcy14MzgtUVlPX1VBY2NKbFpFMXhmU2p0cnZvMnAzT1V3ZUdKRHJzOFRFZDI0NnFleGF4VFpqXzAwdnRQOGo4dVRRSGRR?oc=5
conference_abstracts,NHS hospitals pilot Abbott Volt PFA system - Med-Tech Insights,2026-02-13,Google News: atrial fibrillation (7d) · Match: Abbott,https://news.google.com/rss/articles/CBMiiwFBVV95cUxOY0pVUzdmYk0wSC0yeXZEOHVmRVNCUVU4MjJmQnZQaHlIMUVTQlpwdERrV3NVR2Npc2Jka3RJRWtGNjJNN3BmRG1nWktWRTdjeFNPcjVCaF8zbGkza1VaWm9LczFMYjVJekZvZXQyNGpnSU9EdkJodkhNZTlZZ2NyaGpPMEJmU25VT3ZF?oc=5
conference_abstracts,"Abbott details Volt, TactiFlex data; Pulse Biosciences’ results shine - MedTech Dive",2026-02-09,Google News: atrial fibrillation (7d) · Match: Abbott,https://news.google.com/rss/articles/CBMikwFBVV95cUxNNUlJa1hLb09YanZ6Nk53Vk9DMVlrcTF4TGlGTGdmSFBnaERQSjk2RHQ3QnJjMkpReXNINHZHTnlrcmF3bUdfdjgteFdYMU9leGRtVWNCRm4ya244MDlxMVdlaGRVODItMzNBT0c0S2FSODBUTGdEYWJyam5JLWI4c0xjQThkbV9PanRBLXp6eTNrbVE?oc=5
press_pipeline,Texas Students Protest ICE Despite Gov. Greg Abbott’s Threats - The New York Times - The New York Times,2026-02-15,Google News: AFib watchlist 8 · Match: Abbott,https://news.google.com/rss/articles/CBMihAFBVV95cUxNWkM4X0tWU1ZOeXh1bXYwc1JVc1IxdjVVblNNZEhraUM0a0pLSVA2OFVkX1JWWnJKalFLaEkzcENMZlQwWjRyeS1wREotQWZhYi1td1lYQ1dIWjM4MlkxaEQxQ095VnVJQ3RPbWloRHJLSDI2eU53REhmYXBpc3ZtUlZJbDA?oc=5
press_pipeline,Abbott deploying wildfire resources; Xcel Energy prepping for safety shutoffs - KCBD,2026-02-16,Google News: AFib watchlist 8 · Match: Abbott,https://news.google.com/rss/articles/CBMisAFBVV95cUxPT0lWYXdRem5fUG1aalk5bllkRnF4cU1VaEJWT2JVOEhIWWJNV21xcUUxRElxd2c3eURWV19YRWY0M0lXMll2czgzc3MxU0k1OFBqWWN2UXc1MEtyV0pfZnprN3dlMnVHZjI5MzNmbm8xelRoLUp5Q1NQQTZTZG1sdUxLR1RsN2lYTTlNQ2EybzdScVZLVWhMNjJ3Rll4NDl0OWJkNUdtSXhKV0tJbUhJNQ?oc=5
press_pipeline,Governor Abbott activates state wildfire response resources ahead of critical fire danger - KVII,2026-02-15,Google News: AFib watchlist 8 · Match: Abbott,https://news.google.com/rss/articles/CBMiwwFBVV95cUxQZUJ2WkdrREo2TmZ1cW5MWlpLVzRIWnFTenNEYXZUdHdteE5ZTjlaVUxpeC1OdmZRbUF6NE5Ga0pOTXFDanpTWlZLc2VMSUl3dWtYMlZWNTh5OVZIdDdjdFdPTGVjR3Jtd19DelVCcG5naEpHajBKZE00XzJMM2ZfUXFYYU5mTmJsdE9XOUt4bnNxbEdiUDBGRmRZZTVPRjV3c0N0amlrSTVxNmptMkZ4TThFRjZYbW5YR2tXclZQZjhxSGs?oc=5
press_pipeline,Is It Too Late To Consider Exact Sciences (EXAS) After The US$105 Abbott Offer - Yahoo Finance,2026-02-13,Google News: AFib watchlist 8 · Match: Abbott,https://news.google.com/rss/articles/CBMihAFBVV95cUxQcUR6WFBUZ0pCQmt2MGI2aUxlblB6emkyWUpDN1ZHMUlhWXVyMnVYempKTzViLTdDT1RHcjBNUXB0X2R0X09yRDRtOV9UZGY4MWtDaEhLaEdOQU94YXE4QjJGdFBUcnJKMzVDNE5KazRhbWRYWk1LX0dDaUZ1T2pMdUFqZU4?oc=5
press_pipeline,Celebrating 20 years of the Abbott World Marathon Majors - Abbott World Marathon Majors,2026-02-16,Google News: AFib watchlist 8 · Match: Abbott,https://news.google.com/rss/articles/CBMipwFBVV95cUxQcnBrT0cyR3VkZFJia0F0R0k3Z2xzbC1ZaGNGTkR5Q2drNllBZ2d5Um92eVNXelJJbDZ0Uk5aM3YzX1p5STFQMzJCbTZ6bkQtSDJmN19hQW9paVRhd0V4YVZBUEdUVm84bU95Q3VSaEtQOWdWQTcyZ1pxTDdxMF9QMWpOV1c5RGJvTldJc0daQ1F1MHhYVlk5c0VLTWpGSy05TUhaektENA?oc=5
press_pipeline,Texas Gov. Greg Abbott activates wildfire resources amid increased risk in parts of the state - KVUE,2026-02-16,Google News: AFib watchlist 8 · Match: Abbott,https://news.google.com/rss/articles/CBMi3AFBVV95cUxPanp0dlRjd1duOEpOTFFuTUYyZGxvOGtlcnNLQTVKWkxNQktKSmVxYzVkVFJGcm9hUlZ3b1lRNDR2SFI5a1NyYzhGOFhVeTRTZFpoM3dZc3k4dGFYYm04ZFd4MTRiajJwSjhwX29lOGRTaExUU0ZVeTFqUzRhUENla3NsaUxfQzdmOWtRTDJ4YmxIa2tidzlFd0cxdFVVTUI1Smo3c3BDQkg3N0FNSC1MNG9xZEU3MHFKYXhRVFFDTHpGSzZWYU5SOVU0VE5GeC1mZ05uSXJKU2lQaXdC?oc=5
press_pipeline,Maybe Gov. Greg Abbott's saving us from worse. GOP primary is no contest. - Houston Chronicle,2026-02-16,Google News: AFib watchlist 8 · Match: Abbott,https://news.google.com/rss/articles/CBMitwFBVV95cUxPYTMyVFRrd083bUV5eVIxUjdhYnBTelJ3V2wyZk43RmZKamJYYXliamMxRGZtdUV1VnhXWTRRYVN6Ym0tMG42SkhJQThzb1VIUDU3cTRMSTQyZVRsV0Mxb0hteGVPSVNGdWNrYVgzcDY4WWsyN25tbmIzSmgyck1oZVJ2TUI1d2U5SEF0Q25KZlZyTVVKT2JjY3lWc0gzaW1CTFo1TjFrZml4QTdzSW1BbEg3VHotZU0?oc=5
press_pipeline,"Vanguard Group Inc. Buys 1,115,337 Shares of Boston Scientific Corporation $BSX - MarketBeat",2026-02-16,Google News: AFib watchlist 8 · Match: Boston Scientific,https://news.google.com/rss/articles/CBMi0gFBVV95cUxPQ1NNNHRGcWJsa2o4Tkc3LXdZOElLQ3N0eHVVSmZaUUV2VFFrdjR5VjlxMWI3MVltXzZXVTU4dEhWX3M1UGRWdGlHel9rMEQ5WHpfR09vd29FdHlvZGhrdWMwVEJJN3d5am81ZF95WThPUnZfRjBheUxZUkZ0RkpMbWJ5RjFpNXlLTFFDYTJYSmVLTWZzcXNsVzR6MDloRE1sREphRzlUYUFCNWRUcHpJeXVXWVA0YVAzVWZlYW5VSEhBMC1Vd3dNMDdkMW9rc2sxRnc?oc=5
press_pipeline,"Thomas I. Abbott, Sr. - Herald-Standard",2026-02-16,Google News: AFib watchlist 8 · Match: Abbott,https://news.google.com/rss/articles/CBMihAFBVV95cUxPeTkyS0N5S3NkSUNKQWgxNlU3Z0VhMjZhUFF2aFRodWo5UEJkVTViYjZoQUlDOC1IT2dpTGtSdW5qTmpWYWpOd2JqNmZKc09CLUxpNk1GV056YW5CaDZCQ0dldllibmxseEduSFM4TklxcktKX3NSUnlHa1RuYUItNXBueVY?oc=5
press_pipeline,Boston Scientific to Acquire Penumbra in $14.5B Deal - The Healthcare Technology Report.,2026-02-16,Google News: AFib watchlist 8 · Match: Boston Scientific,https://news.google.com/rss/articles/CBMimgFBVV95cUxQcXV1QUNHcWdwUnI3MzVDMDB2aFNsQ2ptS3hqRUxsNU8yV2tIcDlBMjRTaENnYU5GRUhPSlhuWmpsb05vcnd5S2gyNkVFbGJIWjhVcXRVdHZ5b3VZN0xHamxldzhOdWdjaERVcU12WjNZejBYWlNPVXhxdWhBTTU0Wk14MnZCNXRwVnhPLXlNeEZJb1JESVk0ZFRn?oc=5
press_pipeline,Peering Into Boston Scientific Corp's Recent Short Interest - Benzinga,2026-02-16,Google News: AFib watchlist 8 · Match: Boston Scientific,https://news.google.com/rss/articles/CBMivgFBVV95cUxQd2IweUl3d2R3NDN3a3FrSUZpU292TlJMRGlCNUlJcVpxOHFDcFBkaU1OcUFsd01TR1JwSTZjbjl2aEJvYlBTUFdTVzIxZERyWHJtdkliaTNid1BSaWI5RmxLeV9KTDdndVlHTkxMdHN1NzFsZW5waVVfVEd6M2QxTmROTFh1UjNUcnlPMlp3Q2dnR3V6VmlGQklWNHhJb0IyMEN2RDktZWVOMmUzYnc0cV9tLXQzNEdsUGZqRVh3?oc=5
press_pipeline,Abbott Laboratories $ABT Shares Purchased by Vanguard Group Inc. - MarketBeat,2026-02-16,Google News: AFib watchlist 8 · Match: Abbott,https://news.google.com/rss/articles/CBMiwAFBVV95cUxPRzlnNEdWaXR6aG93UlRhVHRzaFNLNXc4aHNqa1VCWi1meU9faEo3SU1jMGxUb0hPY1k0YmVSOElqbU14TkdNVkgzZWhTX0JROThsRWp5SjlDSnk4RnZwVzBrcUdIVC1GWG9YbkptMWc4ZmpkdTEweW9WUEdkS2ZUbjA2MkdwN0J1LTg1SWM2cXZtMGI2VU1acHZrWTRDRzdnQ25XWVhZUGRZRXQ0UkhZWXh6empQT25QeVROZ1MzTC0?oc=5
press_pipeline,M&G PLC Buys New Shares in Abbott Laboratories $ABT - MarketBeat,2026-02-16,Google News: AFib watchlist 8 · Match: Abbott,https://news.google.com/rss/articles/CBMirwFBVV95cUxOQlozNDRCVk1STG9VZHZMbWlaN29WRDBERm1acEhUQ3B2dndZUkNTY0RxbWRSMWZVWUNFaTdDRXp4dW8tOTBPMFBDY0xRbTRKUUpTbjFzY29YaEF3Z1Voamo0cnNjdEVRaHc3Z2hfRERKRGRuME9PSXhWV19iYjNkS1pfVVdveGRkSlgzeXlROG0wTzhTaXEtMmxVa3VYdVNoRmx6cmpvUTA2MWNHeFQ4?oc=5
press_pipeline,"Southeast Asset Advisors LLC Acquires 9,600 Shares of Abbott Laboratories $ABT - MarketBeat",2026-02-16,Google News: AFib watchlist 8 · Match: Abbott,https://news.google.com/rss/articles/CBMi0wFBVV95cUxQN1RLZGF0Um9xVDZVeTladW1TUDNHajJlVzlBa3FkV0RCSGtFbUhhRGx4Y19BVGtaR3hPRE9pUnJlQ3FMSENnbTUzS0hrWXJaZDNHdWlCSTFyZi1lUGkxRVBCY0VWTlRCZTRHVUlLbklMd2hkT0lXTGExaGx4azN2RmZoenl5U2w4MHR0b09RbEw0b1BzRFFfX2c2cG9PX0lTVzFybjRnbm03c1lTT21DNFB0c0FuNGFTQ0ZqSllySTVxeEppalhTV1ZHNk5pZVQzUVNF?oc=5
press_pipeline,Shell Asset Management Co. Trims Stock Position in Abbott Laboratories $ABT - MarketBeat,2026-02-16,Google News: AFib watchlist 8 · Match: Abbott,https://news.google.com/rss/articles/CBMizwFBVV95cUxPbHRqbDZfM2FMZ3BJWk9kMUN1dnRyb1NSZGpmTEVrNHBxVk5FaGFvaW1PdWstVjBuakpBT1ZrMHZ6ajZ2ZzdvRHN2c3hDdGE5T3FqcWxoRU9aOVQtOEtrMVhSNUxnbWNCUTgyZGUxLUFaN3FETkRoQndaY2RGUFpZbkd3dzRYRk9TdjIxVnpCNm5DSEpUeFVyRUozVWFUVTNkam9lRUplYThnTmRGeW1lcUpETHBPQlJnYjhHZHAyU0gtYXUzcjM0OElhZkI2bmM?oc=5
press_pipeline,Pallas Capital Advisors LLC Reduces Stock Position in Abbott Laboratories $ABT - MarketBeat,2026-02-16,Google News: AFib watchlist 8 · Match: Abbott,https://news.google.com/rss/articles/CBMi1AFBVV95cUxOT3JPdkxHbUlFclZzNzJBTGJrdVVkUHBqMzRHM3phRDVMQ2p5UnYyc3lCNUtFcjgzcjV4T3Z6YXVLWEtBMXFRRXdqaldZOVd5dWg1UmFvVW0zSVgyVzZaeDhNZ3pWZGE1clpXSnpwZmdtUUg4VDA0ZGxJdHgxWGpoRWp3MUlYVVd3dGxwVXBNYnJGU0NsSml0N3pRSThpRkZnN293akxuTlRsTlRrOVNlME52cUUxOWtTcm4zalBFS3ljX1lHdHpadkQ1NjJORHlvTlBfZw?oc=5
press_pipeline,"Fifth Third Bancorp Sells 10,616 Shares of Abbott Laboratories $ABT - MarketBeat",2026-02-16,Google News: AFib watchlist 8 · Match: Abbott,https://news.google.com/rss/articles/CBMixAFBVV95cUxNZHRtT0NKVkZqSWdxbGh3Q3ZNdlVQTnNZbEVtMVNKZExOXzdnTHU0ZXVhYXVmblVoREEyUHlGbTZLMExLNTlmQzFWUVFwWEVid2xtWjRHX0pKeEZWYWlmQ09USDZFVkZFbjBrN0lhaEJfR1hoNUZSdFJqTGsteGFDMTMybC1na0ZNcDVWU3ZNbXp3UVdYcURrM3JfWlVYbFVWY183U3FxWldzZXlJRXRhcl96cW5ldU9nMmtESUl5Ym13LVFQ?oc=5
press_pipeline,ABBOTT AND COSTELLO MEET....AN ASSORTMENT OF MONSTERS IN KINO LORBER 4K UHD RELEASES - Cinema Retro,2026-02-16,Google News: AFib watchlist 8 · Match: Abbott,https://news.google.com/rss/articles/CBMi1gFBVV95cUxNS04xTXRUTF9wSzhOSjJzcG9xZ2NDZUhxdW1lYnZDRXZMQy1WbWVjblMtQW14cVhoNmhTMEFtUTU4TG5SMGhVVC1fOEtEU1ExRG1qUS1yWEhhUE4wS0ZJNUYzN3g1ZUtqQjhxMFltaVRxazRpbFpPOFBPSFlqdzNIci0yZ2VHWVpWUnJSYWZzbmMtSUQ3dm85NHBSNTBXeWk3RFRhdFVLY0g4aF94Snk1QjIxYlFyMGRraDlNOVZOeUlhS1E2RUZuMEw5Zzh0dFpXaVZjTFdR?oc=5
press_pipeline,New State of Mind: Abbott Calls Out States' Rights Hypocrisy - News Radio 1200 WOAI,2026-02-16,Google News: AFib watchlist 8 · Match: Abbott,https://news.google.com/rss/articles/CBMi0AFBVV95cUxNT2d2OUtXbEpXVGRVOTBGV2dTNVRRTEYwVm5qc1p2NEpVRnVpWXNnTW01RXJzSU95a2VFWnBFX0ViZlBtWExCbWt6eHBMSXNIVmVGQml1aElqb3Y0S3dmMHAtTWZPNzFHU0hsZFIzWVBzeGJJX3FNSVJpbkxPQTRKZXpkcmFHdEppZWRIZ0tLX3AxMEdlQXZsUzJQNEJ3dXk0RkdWTExhek1vMzJfSHBHTmtfcG9BREdVUkJMNEJ2UFFCTE1zNl9sUmNIWDUtSlhv?oc=5
press_pipeline,Poll: Two Abbott-Backed GOP Candidates Behind In Polls - 710 KURV,2026-02-16,Google News: AFib watchlist 8 · Match: Abbott,https://news.google.com/rss/articles/CBMigAFBVV95cUxOdDlHRS1WSkl5RFRjejVaakxwSjRsR1JEMGhxamlGNTYzQlFhVEFQMmFJeEs0NjhYalVMbUc0Y1AxSjZlRFZXZ3RMSGNtSkRlNDZQZXpLU2pJN1BpOF93VjVZR3pWQVNhS1k0UWlNdUdXaThDaTFzb3luLUQ1Q2ZPaw?oc=5
label_expansions,Competitive Generic Therapy Approvals,2026-02-17,FDA What's New: Drugs · Match: Generic,http://www.fda.gov/drugs/generic-drugs/competitive-generic-therapy-approvals
press_pipeline,Texas Students Protest ICE Despite Gov. Greg Abbott’s Threats - The New York Times,2026-02-17,Google News: AFib watchlist 8 · Match: Abbott,https://news.google.com/rss/articles/CBMihAFBVV95cUxNWkM4X0tWU1ZOeXh1bXYwc1JVc1IxdjVVblNNZEhraUM0a0pLSVA2OFVkX1JWWnJKalFLaEkzcENMZlQwWjRyeS1wREotQWZhYi1td1lYQ1dIWjM4MlkxaEQxQ095VnVJQ3RPbWloRHJLSDI2eU53REhmYXBpc3ZtUlZJbDA?oc=5
press_pipeline,"Jesse Jackson was ‘direct connection to great civil rights era’, says Diane Abbott - The Guardian",2026-02-17,Google News: AFib watchlist 8 · Match: Abbott,https://news.google.com/rss/articles/CBMitgFBVV95cUxPVW5PbHZrMFhrX3RhU2RyTV82VDhKUElHX1NTVXZFYnU2MFhscUltQ2NfN3FXZ3hiVzRlemJaMUtsRnhvU3JxYU9PYk53U2NBWncxTWVIWExrRkVQTERBUXVnYngtUVQtM2h2LWFjb0pjUFdleVl2OWw3WXV2bzBwUjNOaDV4U3NlaE9tTXBZR01QU0xtUzZHdTRvR1dqS00yN2lBLXJMUldQQjZiNmx5WDBJbHdZQQ?oc=5
press_pipeline,"Reader says Abbott doesn't support everyday workers, despite teamsters' backing - Houston Chronicle",2026-02-17,Google News: AFib watchlist 8 · Match: Abbott,https://news.google.com/rss/articles/CBMiqAFBVV95cUxQeE9PWFFmN2lIUVk3d1I4c1JrbklDOHRRcm44Q09vbTFDYnh4VXRzYmc3a0VPSGFIQkhSMk8wZDUzTGZrSUtqYzRCWTBkSHhGakxqT3hOWXBTWjc1Nzk0V0RGM29LR091VzlRcGR2RkNtTzk2M3E3V2w3Rkh2anFBNWI1YVlxVnl0STJ4bXFqOHZaR3lMNXY0a0ZGU1ZUb0VhVlBTZF9Lcmg?oc=5
press_pipeline,Abbott delivers keynote in Corpus Christi ahead of Texas early voting - kiiitv.com,2026-02-17,Google News: AFib watchlist 8 · Match: Abbott,https://news.google.com/rss/articles/CBMi4wFBVV95cUxOdVRvVHU0bmtERmVhNHJsWnlsRTJ5WjRzbVFJTUdsc0RqeHQzSF9mek00dmlwWmt4T0dKbjR4bmdOUFg4N3FwbDlrVFg2bFVsZzVIT1lPN3ZybGR4TzRFMjFFTEtsSEpwdVhEdDViVXB2RDllZVp4dUl5YkFreVF5VXpiaWdiWmJCN29nNHdILWlOVlp6a015UkR2cVZwUlEwdmtnNEl0cEZpOXpReERxQWRidWhTVkp5dEtDcGRXMWxkVkloREhScm1FWDVTRHNxWmVUWEFYZHNndGtEVFc0T21EWQ?oc=5
press_pipeline,Why are the Teamsters Endorsing Greg Abbott? - Counterpunch,2026-02-17,Google News: AFib watchlist 8 · Match: Abbott,https://news.google.com/rss/articles/CBMijAFBVV95cUxNaXhqXzlrX2FFSzJUZUVSMVVlU0t3OFZWWkdxdTFKaXpNX1A2amlBT05Fd0dyWmVHa1RXSkhzMFdZVm40RThfeXFIMFlfd2FrWTlRdUJCNGk5U1BpUHgybEpXU0JEM0xVVGcxX1JyQlJWekZwcXNnbVhMVWFpMEZvdjRvVHluMTdZTW5lVQ?oc=5
press_pipeline,"NEOS Investment Management LLC Acquires 72,502 Shares of Abbott Laboratories $ABT - MarketBeat",2026-02-17,Google News: AFib watchlist 8 · Match: Abbott,https://news.google.com/rss/articles/CBMi1wFBVV95cUxNZ2t2Y0RIQzBqYzFlQVp3S0pNTVd5Z3dFbDhfOHVDXzEtR3NZbkRab3pTRm1yTlNjbVhZN2JNN25wVnpPYm5HcXgxRDI5Uzd0R0RacUdJZFJtM0s4UkczTG5iVE1DakxpQTRUQnU4WTJaMmJhSXhhcE9IYmNEMFl2SU5HQ1dXa2hwTDlDc1d4ZVVabWRvVWp4cWc5c2FXUFViUnB1bElycUd2UU5LZnFuNlN3Y3N3TUtDUk1uSHVMN1NEV1NobHN2VE1PR21WU1M0V3VFRzZfUQ?oc=5
press_pipeline,Governor Abbott Supports HUD Launching Fair Housing Investigation Into EPIC - texasinsider.org,2026-02-17,Google News: AFib watchlist 8 · Match: Abbott,https://news.google.com/rss/articles/CBMirgFBVV95cUxQWVB2emhKM0FGVGxhWmZucU1KMkIybFF4RGo4M2dtMmVnMGRTakVMbHFpczlQdTlhNFhCRHdkMmw5UThTcjFZaWd5Uk9HUzlLTXVzd0lwQURFV3FSWXFVNXd5cTZnTGp3RVJjZ01Pb2xSVkYycC0ySGVDYzI5dHQ2NXEwX1hLUHRaWmJtUlM4dVZpM3pEQndQd1hyaU9tQXI5eXRuOEg2b1FNZHlsTkE?oc=5
press_pipeline,H.S. BOYS BASKETBALL: Abbott's monster night propels Letchworth over Pavilion - TheDailyNewsOnline.com,2026-02-17,Google News: AFib watchlist 8 · Match: Abbott,https://news.google.com/rss/articles/CBMi-gFBVV95cUxPdjJBRGVwMjlMdmVYM1h4amlZS1dtdFY2TC0xS3JfZmE2Y3RMRlk2UGtla0Y1S3BOTlViX3pPTHlrRHpfMWZ2cE5NZDRtRjAxV24yY2pCV3hKdS1tNHZlYVduRjlJQzJzZ2NVRjU0MHo0cnhmcGhrb3kzRzFZNEdSQzliS2hhSGdjUXo0dlR5MUM1ajBMdTJjM2otVmZOREpzUC0wZ1JvcDFnSUF1U2dyYm52N3NpdFJieDRpNVBNZjA2UHh3bXVuNGctQk1rQXg5cEpnbDNYM19xQWZHc0VXOVFiSVp3VW1MczVCWVQyM2NzMVVOa0ZyUWRn?oc=5
press_pipeline,Merit Financial Group LLC Grows Holdings in Abbott Laboratories $ABT - MarketBeat,2026-02-17,Google News: AFib watchlist 8 · Match: Abbott,https://news.google.com/rss/articles/CBMixwFBVV95cUxQcEJTX3ZVUndmTUFJZGc3bkpSVW1mSHNYTk9PVXNFb1dCM2ZwaDZsMm5MTFo0eTZmeVBtZzJlaGFZSFZ5QzExdmVNQkZtVk9nVWVURENjVjF0ZHNtQ0VDMHFZcjE0V3ZfY1ZQWjdBNHE4dm45a3FtWWZORTVPMlY3SFV4ejFra2kxckhFMnlKZkZHMFFRWWZERmVpNUQ4X2ZqdzIwTGRxamdiOTNiRjRQbDI2TXZGalpzVU5GaV9rWWxtekJWNFBF?oc=5
press_pipeline,GSA Capital Partners LLP Has $1.86 Million Stake in Boston Scientific Corporation $BSX - MarketBeat,2026-02-17,Google News: AFib watchlist 8 · Match: Boston Scientific,https://news.google.com/rss/articles/CBMi3AFBVV95cUxQQ0pZTGpNU01MUGxXQWQzdmpqS1ZtWFlhY2tiajYxM2kzQW9fUTBlOHNWNE82VnhZMjM0UVJaNGhSZ0FFaGZzSGladDZoVkctWmlxUnFITEZHRlVvVGxBMTcxbGhLRDhjWkZNa29kZWstc2xjbUhpSXRTTHJ1VTFBWWpCSW5FMExQTkNEZEw5Vm9ENnFZZW5fTVVMQjAxZTRyMUtsOFItUWhLZDlKUngzU25naU4xeWc1SGRTQlZrQlUyTkZrX2p2N3J0LTFqamU0WXV2MGxNdzZFRkxj?oc=5
press_pipeline,"Skandinaviska Enskilda Banken AB publ Buys 529,529 Shares of Boston Scientific Corporation $BSX - MarketBeat",2026-02-17,Google News: AFib watchlist 8 · Match: Boston Scientific,https://news.google.com/rss/articles/CBMi6gFBVV95cUxQZEFXSWpEVnA0eXJuR041M0hMRnYxWHMzdnVaYkNUNzJRS21iTVF6WnRoN0g1ZjRENGo2TFdKVmQ1UWlPdHlFbVF2TmI2XzVFSnhTYTJhV1dtWkFqbGZjQUtqYnVkSVBNd0RRY1FfamxDbmRLOEo1V2xmRjRMRFdPQ1NSak9rSFR5dGt4T2VSeUF2SEpLQVpYNWVJbWJqVF9Ja1NQR2llcjh4OGQwWEU2UVJEQUZqLWI4VENZbGtBT1pBb3N1QjAxQmw2Y1NWdlhtR0FZTHZWdXJ6NlFxSWRCRlZjNGxvczJOdmc?oc=5
press_pipeline,"Skandinaviska Enskilda Banken AB publ Buys 190,255 Shares of Abbott Laboratories $ABT - MarketBeat",2026-02-17,Google News: AFib watchlist 8 · Match: Abbott,https://news.google.com/rss/articles/CBMi3AFBVV95cUxQR2ZaTERTNmctMEpaT3ZIT2xQMWlTcHBiSS00eTRGT2JMZnZUbW1Qd3gtR3dYNFFBYjdpeXNPUUtXSkl4X3JBdEhUOFRzakJlcU9XWVFnYV9tX3QwY2RKWG04Tjc1Ql8wa1p3bk1NVU9lSVdTTXZkV1F4dG16SDYwRU9PQ0lEQ2s1aEluT0diNkdLTlVTLTM3SnlRb3RZb1U3MUZOM3JDdkZFSFllbEstT2MxUktpejlnb0VWbVo5NXQ3U1dKVlNnLUtGUjhBdG5EX19JZk1SQXdQRmpD?oc=5
press_pipeline,M&G PLC Increases Holdings in Boston Scientific Corporation $BSX - MarketBeat,2026-02-17,Google News: AFib watchlist 8 · Match: Boston Scientific,https://news.google.com/rss/articles/CBMiwAFBVV95cUxPY3hXR3A3em5EWUtMRURhWFA3SUt1bm9yTVQ1ekRfTms2czlDQjNwYXA1WGtCS2V4enU2S09LRmxJbVN0Y1V1UTJCaGx1dWxWeGJrRFN2MnVTekM5eDJYRVN5eGhvLThrbklVY2pMamo4RHlfVy1sWXFlZ2JpMDNCQmxiWVN6ZWRaVFI3ak5NZDV6UjJJeEdFVHJFVURNYmwtbldRc25HRzRqR0RnaUtYU3lnQVVUV2E4UXVkSjJfTG4?oc=5
press_pipeline,"Boston Scientific Corporation (NYSE:BSX) Receives Average Recommendation of ""Moderate Buy"" from Analysts - MarketBeat",2026-02-17,Google News: AFib watchlist 8 · Match: Boston Scientific,https://news.google.com/rss/articles/CBMi6AFBVV95cUxObXpTWWpNOVB0aVNiVzNqWGE3Q0tXWnZ6cDktai1pWkRDUEFibVVRR00yU0xRaVVvMnE1dkt5YzhRMUlyMDVnVTl1ZU1vMUM4Qm5WZmxqQkZRRHlsRV9FUjUxOXBHUlhTb3dhZTRkNlJTZFJjZFNpRVhIXy1zWjczczdGRU82aVpPYWpHXy0xYjgtOGNDUlctSktYd3pnVThGOTg4dC1JSXBTUjNVQjRnWGlGWFlSWjRhM1VUdWtRMDdjcm1TdkFETUIyYThldmZuSW51TmlBb2ZkemZPc2c1WXR6UEh1YWgz?oc=5
press_pipeline,A Look At Boston Scientific (BSX) Valuation As Electrophysiology Concerns Follow Strong Q4 Earnings - simplywall.st,2026-02-16,Google News: AFib watchlist 8 · Match: Boston Scientific,https://news.google.com/rss/articles/CBMi0AFBVV95cUxOVFpMYnVNY0x5ZzVtY1E0dkxXTTlhQllLQ1hQOFpmS3RONHkxazNwdkk0ZUVoUnVQWmNwT0RUTTBhcGhxOVlDd2dyTmJVSGNOX2RqMk41Q2tRN1B6bGZGWjVGZUxJMEhkQWFRNmZQd2JyTHYzNTBZaW1OZTJneVZPYjRHQWI4bzRVTW55VVhSSXZ3ZFNROFQtNG5tMC02VVVfbTB6b3dhOUd5end5NEsycVA2Tjk4VjNWSGdKd2hsSUVSa2tzdGdod1pRY2ctMnRX?oc=5
press_pipeline,EDITORIAL | Student Walkouts: Abbott would do well to keep a cool head - Texarkana Gazette,2026-02-17,Google News: AFib watchlist 8 · Match: Abbott,https://news.google.com/rss/articles/CBMinwFBVV95cUxQYnliTVdjNUpILWkzZFlXOXh6Tm5zLUNyOTdsUGdOMEwtTUxwQlc4OUQtTVpJdUZzeDhzbERCNzhyYWVpSTJPNE1lcWV6X0JIRXlwZXlVUmRUanBKX2pfOVY2VFZPTHhBLTdxZ3F3MERtUUlFVS13aGV4NUtvMHNnaVJsOVRKeDBjUkJ4bTBUMDNGOURNMUsxR1lPNWtFZE0?oc=5
press_pipeline,Abbott touts TEFA applications. Hinojosa challenges H-1B policy - El Paso Times,2026-02-16,Google News: AFib watchlist 8 · Match: Abbott,https://news.google.com/rss/articles/CBMi3wFBVV95cUxOTThGc1N4MkJPWENXeHZUZUJsWDFLQkdtOGJKbEZlT29OcTZQRmFodHJpb2pTVnVSYnhxVDJLQUt3VFY2Ukg1ajZzYjdTdnh1VV9hNTdKbnk3cWY4YXJGX2NfLXAyMFdFekpVZG14YmpCS3RscGpNLTJ0VW5vTGdoX3YzbVhoek9EMl9wa1JCZWZ5LWxKOWtMVEtxVTFva283X0ZLME96RFJMR0lieC1GaTUtWDU4QTBCbU1OZDJBRTJnTm1sZGRIbUk0QWZNLUJpVVBfSDQySDkxWk5Od0tv?oc=5
press_pipeline,"Democratic candidate for Texas Governor Gina Hinojosa discusses her campaign, plan to beat Abbott - CBS News",2026-02-17,Google News: AFib watchlist 8 · Match: Abbott,https://news.google.com/rss/articles/CBMizgFBVV95cUxORVZIRzdHc2NDX3BnYklLQ2UzRzM1MzBNaEpNc1F0VGFPUGU5Wlp1RmRtaTBXcl9BWWdxMGwtU1FJc2wxMTBGbGZPUTFzOGUzeks2QU1Ra2xNU2RfelJFSlJYckF6MVRRc2FpenlBQm9PUmZqczhuaThoSnlyQXJiNlppYTRTMm9TUnhrQnFVQXdlaC1iYjRBeXJ1cDJzamllblBjdTJPaVdjNldrWVMtcVBsS09FdzNyelpHM3AtMFQtdm5JaVZMZzlPSHZ0Zw?oc=5
press_pipeline,Governor Abbott celebrates record-breaking school choice demand - KCBD,2026-02-16,Google News: AFib watchlist 8 · Match: Abbott,https://news.google.com/rss/articles/CBMinAFBVV95cUxQUEpkb0hYdTlZSmU5cUFFS1UtTk94WHkySlpGYnZZNmlkNG16VlFvekVXLU1sTE5jQWE2Z0FqUkFueHc3ZEgtNGk4QTRFa3laMmtBa3VTWW5UbFlxODFodVV1ZHFDSVJhR2NqZUxWQ0RnOElfd3p3X3NZLXQ0T1l3dUhPQWc3MUh6Q3FjNlpjeUNHbWVaTHBGUUJYQ2zSAbABQVVfeXFMT1RfbnM1ME5NN1BiWmhqRTU0dmd1WXNkUFZtSkloVlFTSkpXSWhVZHhTNXR5WFVEblJQQS1uUjk1RGtHall1cGw3eDZ3V0d1Wm5SVW5mM2VsMERRSHBWUlgwOEZfRXpyVUZUOVRIX0Q2Y1RwOWZPay1xVjVVTXZVUjg5MDNWamFDaEpuQXlCMUdXM0U0M1lkenBxcXRTYUJrbWp5eTg0S3d0dENnX01CNFg?oc=5
press_pipeline,PPD honors Eric Abbott in observance of National SRO Appreciation Day - The Paducah Sun,2026-02-17,Google News: AFib watchlist 8 · Match: Abbott,https://news.google.com/rss/articles/CBMi5gFBVV95cUxNQ1o0QTNRTU15LUZBMTk4Y1JWYWVPZmdmcGNYLVAyZzhGejBlc3FpT1gzU2RHZVBKaXN1RktUQW9mUWc3UVcwWFE2aUlSQTlUaGlTeXNlOG5ZeXBKZlBrVGFXRkF5RmR2ZUtUcExaZ21DQk9iWm1penlLS0dFakp3dHdwSWc5ODFHb05FTjNKS3pESHpaOUtna1VkQk9xUURpdEstZkFZbkZ2Q2twYUJxcXFjSWNkamxkNEJmNUFWY3hSWUdlV05GVVpTN2g5WVFYWm9zZ1pwT2FvMWlyZmZQNlNFTEFzQQ?oc=5
press_pipeline,Abbott class action claims glucose sensors sold with defect - Class Action Lawsuits,2026-02-16,Google News: AFib watchlist 8 · Match: Abbott,https://news.google.com/rss/articles/CBMivgFBVV95cUxOYWUxQmxzNlkxRDkyR2JTb3R2RmRxWXZlNUpRM3ZRNEdqdnJlTlh2YnUyZFJ0bkk2TjZDQmVmVjNnNTNTTDVxa1pDSmdoNkZkc0NNNnoyTGxqNW5YTVRnZktOV3ZlOGcwVUJINDEzQnJQVVk1YmJpOE12bThOUVZhTTlNcldwVFJ2MFA2SGJPWVRrQW1qQVZLUDZiYkZEbXpfN3p1U1dyOTZUbS0wTlRNdzBISnNSSmE4WnF1WWVR?oc=5
press_pipeline,Reassessing Boston Scientific (BSX) After A 30% Pullback In The Share Price - Yahoo Finance,2026-02-14,Google News: AFib watchlist 8 · Match: Boston Scientific,https://news.google.com/rss/articles/CBMiigFBVV95cUxNU3drcVBHZmpvUVRUamI0WG01WTlzd1U1V2wwdHZwdzFfX3J1RGxUQWlNbTZHZGFwSjhNOXppMjU0aDc4N2RwUXZVcUNjTjB6SjI2b25mZkRya0VQNV82VEVaMklYdXF4am9GQVAxOG5yODRtdmR0THZ6a0tvemxPZk1xVlpNd1BUQUE?oc=5
press_pipeline,A Look At Abbott Laboratories (ABT) Valuation As Libre 3 Lawsuit Raises Product Safety Concerns - simplywall.st,2026-02-16,Google News: AFib watchlist 8 · Match: Abbott,https://news.google.com/rss/articles/CBMi0wFBVV95cUxPVWloYTh2NWhXVGlPTjhVMHhDaWFTZDROSnZFa092WkQ1R0RiaHdiRWpUaTcwWDhhaTNvQVQwbFQ5cEMwV252eFVTenJxcTRzSmhmUFdTd2lLb3F4d0t0MXRzV2luSXBmZ1F1eFlzcW1sZ2tFNWwtNkpvcUVoc0paYjExSThJMnRSQ1h6dDNuYXR6cF80d3NXUUJpVlg3bUdqMktJdExBeWk4YUlsMERySWxVN0dmRExGT1ZIa0FPbV9aTUUxVW1iYjMyaDF1cWxrY3lj?oc=5
press_pipeline,Gov. Abbott activates more state wildfire response resources - KWKT - FOX 44,2026-02-16,Google News: AFib watchlist 8 · Match: Abbott,https://news.google.com/rss/articles/CBMingFBVV95cUxQcWVmSWJjZ3hEMTc2b0JMVThsY1VlaU1GUDhRU21lNUY5WU1NSXNWalJHZ0VvMVpGNFB4eVVBOElOMW0zMjdLczFiV2tqYlNYbF9PdWhSTlJ0T1J4UDVNSHBQdXZ0Qnd2eEt3Q29Nc2pSYURyai1Bc2FfakhrNktCSHMtQ3NkWml5TmNiVFZkcHBVTkFOZXJIUk9WYXhMd9IBowFBVV95cUxNNGdhalBlZTZBNjVoTlFGZjZfSUdYWExBMWxJWWlaT0VUM3BaMkdaaFQydDdfMm5RYW1EdWF2M2s0dmQ2TlhvSGJjSmVxNmh2VUN2V3Rhc2FmQl9yVEpDSUJhemx4THhmWnR3S3JFQzVtZjVSd05vOGlPNTZRMGYxVEVvdUNMSE1memVUMzNXZl9NWDZyc2M5VUxOS2U4Wlg4c0tV?oc=5
press_pipeline,"Inside Valley Politics+: Gov. Abbott, Ag Secretary visit to Valley - ValleyCentral.com",2026-02-16,Google News: AFib watchlist 8 · Match: Abbott,https://news.google.com/rss/articles/CBMirgFBVV95cUxPNXNhQzdOdlF6MEpCMWlTMjRtamY0MmhGUzdMZHZ6SktaWjAzVDZaVlpMel9iemJsQXFmZUZld1pjZ2k0clQ4dnBoV25rWTRhYll0OGhpRFNvaXliS2hTeWlJY2twREhTQTM2RlJWY3l5eG5rWXZGMS1JN0ZwZXkwS1V0bEV4TzRPa1NPcU1xdlFSdWJ3N0NFZ3RiNE43eU93b1QtR1Y3WkVFM3J3ZmfSAbMBQVVfeXFMTkFiWEtkVTlxeEdxc3FONVByaE9jNXZFOUpaTW0tWWk5OHJTUTRxSEFlMGg3eEdjNS03T0d3X2ZSQW1uX000TXp1bTc1X2pxZkN5ZkNvdFZNUE02NWJFNHZ5N25CRTVMZkFtZzhxVDYxb0ZTeldONkR1SklvcnJWNHZRTkNScTJVTG5qUE9fMTQ0Znc3RkdhS2hvenhmSzEwUFBEZGlrbHZvdWJIN2xiYlFGWjg?oc=5
press_pipeline,Gov. Abbott discusses launch of Texas Education Freedom Accounts program - Fox News,2026-02-16,Google News: AFib watchlist 8 · Match: Abbott,https://news.google.com/rss/articles/CBMiVkFVX3lxTFBrOGd1UE04TzNsQ2Fycl90cS1FMnBYc2hfMjE2azg5cEd3WHNlWEpDXzlQOTRYUGMxY3NjbjY4M0M4a3lMd2pwSVd0c1RyTmxEQzBmWXJR?oc=5
press_pipeline,Boston Scientific SCS Lawsuit Filed Over Problems With WaveWriter Alpha System - AboutLawsuits.com,2026-02-16,Google News: AFib watchlist 8 · Match: Boston Scientific,https://news.google.com/rss/articles/CBMi1wFBVV95cUxPWkRLUzE5aWZ4QWFzLTZiRHdBVVdoaGVqSVZOdTBKWEl4RUdPeWxkMzBBRXFuZ2kwVXp3VHNIdllXZFZ0ejk1RXFqRlNsTS1EX3JLSWpFUzhNckZVaHR6UjltdW1zWjNVd0taSFM0THh1UVhYRFh6X2ViRGVETVhudTdfNUdsX2RmcXVNRThYWE92UTBsQzRwMGZqMmgwUGJKYkxqR1RnNkhmbkNYOFJZaC14am9zTHVJRWI3VFhOZjVxUlREU1RqcHh1M2piY2V0SXJxbjA0MA?oc=5
press_pipeline,Maybe Gov. Greg Abbott's saving us from worse. It's really no contest in the GOP primary. | Endorsement - Houston Chronicle,2026-02-16,Google News: AFib watchlist 8 · Match: Abbott,https://news.google.com/rss/articles/CBMitwFBVV95cUxPYTMyVFRrd083bUV5eVIxUjdhYnBTelJ3V2wyZk43RmZKamJYYXliamMxRGZtdUV1VnhXWTRRYVN6Ym0tMG42SkhJQThzb1VIUDU3cTRMSTQyZVRsV0Mxb0hteGVPSVNGdWNrYVgzcDY4WWsyN25tbmIzSmgyck1oZVJ2TUI1d2U5SEF0Q25KZlZyTVVKT2JjY3lWc0gzaW1CTFo1TjFrZml4QTdzSW1BbEg3VHotZU0?oc=5
press_pipeline,Greg Abbott's campaign reclaims 'Governor Hot Wheels' nickname - Chron,2026-02-16,Google News: AFib watchlist 8 · Match: Abbott,https://news.google.com/rss/articles/CBMihwFBVV95cUxPcjVTWkJIa1ZBc0c3V2E1N3p2YldBSG1wYWdfRFNxeUtDcGdJS25lbm5OX2kxZ3N0LXJGTjBEV1N5NWdmN09PcUpVMnpybWRuNmM4UXA2TWJTa25heGg2NHR0U1hPeklFa0tYVVhRUksyZzVlSU45ZThES1QwSld4eG96Rk1CTFE?oc=5
press_pipeline,Will Tony Abbott return to frontline politics? The Liberal party’s most polarising figure can imagine a way - The Guardian,2026-02-17,Google News: AFib watchlist 8 · Match: Abbott,https://news.google.com/rss/articles/CBMi8gFBVV95cUxNWm5hU0FCTVltX251NGRZS1lJcE9uUWlMWGNUdlk4WjJQRWxSeXlFRnBhanRGUG1iQ0NjaTA4V0pVc0dGaTN2ZXNZeGRwOThUaUlvb2xBT01KdHRHTXJ0RVdqUHlaMG1zeGlMNEloRVdJZER4bUV6ZDhXRnNOdGFSQkdJcGlRLWlWMXZ2eEFGLVZhQVBKVFZscmtpRU9qQl83RXRzVFZTZDQ5ZVpiV09IZHVmUTZ6VzNFTFl0V09WMVFhMHh6bHIybDEyZndnTTNfajRPMkZvYVR0T3doeTVieE9xWFBYR21kU2F5OUhoeThjZw?oc=5
press_pipeline,"Assetmark Inc. Sells 82,501 Shares of Boston Scientific Corporation $BSX - MarketBeat",2026-02-16,Google News: AFib watchlist 8 · Match: Boston Scientific,https://news.google.com/rss/articles/CBMiygFBVV95cUxPRDdBWXRJRVBESG4yVkJGdFg4YWxpbnhxemV6dUFqbmpRdnFLOEk5TkdYaVRnbU9rQUhyY05iZVctSF94RDMwWHl6Um54NTczUzFiSldwRW84MWZ5ZU5IMlFySnA0QmRQS1Q1UU8zSXJYdDlfekp5QXkyczJRd3dRMzdvWHdGY1VQQ2hJV3BsM3gtN3ZXMVUzMjhsVy1KVExJd0FSUGplUnN1UW9zZVlBNGxKZDJ2VGxBWXlJWnB3Q1ZfSjVOV3JBTUNB?oc=5
conference_abstracts,"Tariffs are still a thing, and they’re hitting Medtronic’s profit - Star Tribune",2026-02-17,Google News: atrial fibrillation (7d) · Match: Medtronic,https://news.google.com/rss/articles/CBMiugFBVV95cUxQajlDcVNKYWxkSERpS21Nb0tqZHVoY0MxT3RaMUZJRG5ZNzdORi0xYmI4M0ZTRnhORkNjdW5GRVVlX193bXJ4QkxSdWNVcEZUODZScndXOFlBSkR5aWthZFozMXhqUFhCM21KV0l1OUdsMDU5NzEyNFZDXzJrMkN6NjhrdGpxZm8zVEN0blBtdnZIXzNjNWpPQ2JZRlZBXzRwTnBwZ09CYzZkOVJ4ejE4TWMwSHZJdHd5ZHc?oc=5
conference_abstracts,Boston Scientific’s OPTION-EMEA Trial Targets One-Stop AF and Stroke Protection - TipRanks,2026-02-17,Google News: atrial fibrillation (7d) · Match: Boston Scientific,https://news.google.com/rss/articles/CBMiygFBVV95cUxPU3FZZHRKM1NfTFQwSXFLY1B1QksyM25IZVo4UlZIU25zNkFIeGhHeHpaSUJ1czNtUjlSb1JHR2p2M24zaHlVS1JXSHU3YXI4VHMzbGZiTEZXeWdiSmVCa0RmdjFQU2NkYldMTTNuNk5tTjB6SFBJT092enZYX0VaZlZVNmZEWTlIa1Flb19zTmZaZnc3QWR0WE1xLTdnVHNNQTBVMjV1bjZvV1RlRGZTRUlNS1c4bHcybFA4QjNKRFJHT24ySHp4X1ln?oc=5
press_pipeline,Governor Abbott Announces NRG Energy Expansion In Houston - Woodlands Online,2026-02-17,Google News: AFib watchlist 8 · Match: Abbott,https://news.google.com/rss/articles/CBMia0FVX3lxTE1KR2FtUGlqOEd0YXphZVNreVJ5dktGcFNKRGFZWkdPSkdkdXV5TExnRUZvYUlEcFNkdzFXVDI3WHlmbktZeWh5ZERRb0o0alVnT1RIMGVCeUN0bzZ4dHRGcFczUVM1UGY1RFVn?oc=5
press_pipeline,Boston Scientific’s OPTION-EMEA Trial Targets One-Stop AF and Stroke Protection - TipRanks,2026-02-17,Google News: AFib watchlist 8 · Match: Boston Scientific,https://news.google.com/rss/articles/CBMiygFBVV95cUxPU3FZZHRKM1NfTFQwSXFLY1B1QksyM25IZVo4UlZIU25zNkFIeGhHeHpaSUJ1czNtUjlSb1JHR2p2M24zaHlVS1JXSHU3YXI4VHMzbGZiTEZXeWdiSmVCa0RmdjFQU2NkYldMTTNuNk5tTjB6SFBJT092enZYX0VaZlZVNmZEWTlIa1Flb19zTmZaZnc3QWR0WE1xLTdnVHNNQTBVMjV1bjZvV1RlRGZTRUlNS1c4bHcybFA4QjNKRFJHT24ySHp4X1ln?oc=5
press_pipeline,Greg Abbott Touts Record Demand for Texas School Choice Program - Ksst Radio,2026-02-17,Google News: AFib watchlist 8 · Match: Abbott,https://news.google.com/rss/articles/CBMinwFBVV95cUxPZmwzcXA4UjJBcnNZbkprMWt2UU9rRzJSNXFSUHpwMXpBMkRkM0JIaFFpNFpMMzBVeS1lWjlESWJwS0FaRGlPT29NbXdwcXdOaU9BZm43TlNjbHkzVVpyZWM3RGUyY005eW11VTVLUkRXblNQOEtYZ05yV3RheFkwM0YxWVdZVERQZFJmV2pueHphRXJCNUxmLWhFelN5a28?oc=5
press_pipeline,Carl Abbott’s “House of Columns” Brings Sarasota School Modernism to the Market on Longboat Key - Bluefield Daily Telegraph,2026-02-17,Google News: AFib watchlist 8 · Match: Abbott,https://news.google.com/rss/articles/CBMikAJBVV95cUxNd3VSY29vMUR6QXViR1dvem14dXQ0elUyTm40VVE1NHNRcjN0VXFDbXVTYVR0bmExZnh6ZS1IaExJM1hoY0ViRTlDRS1DQTVnS0ZCcDd1MDVrMWxXdlBYTGF0MTB1LXVjVVZVa3dOZjNxV3E1RmtfN0w5V2d5dl9pUXE1UURaRjI5RERVZy1mN1V1VTYzV0lRbVBnZ1JwZm0yTjIwd0xaMElwSE8tNzhaSDFOcDhpWm15bm5Jbjd5SXNtbUtFU1ZKM0lGMktBaUNhbGlPdEM5T3NMOTFzZWJxNU10bF91V2J3N0pYdGd6Y1lXUjZfSHhuLVEwM1NDbkpBT3BSSDBWdDRZQU9wdmZORQ?oc=5
press_pipeline,"Boston Scientific: EP Market Growth Validated by Medtronic, Supporting Renewed Confidence in Buy Rating - TipRanks",2026-02-17,Google News: AFib watchlist 8 · Match: Boston Scientific,https://news.google.com/rss/articles/CBMipAJBVV95cUxObm1ZZ3YxVjFHZDdvczJpU3ptbjdnYWQ4RXVCMWhyeEYxVlEwSmZQcW41TktaZGhXcTh1N3BieVdES2RuVUkyeU11emQzSHVRTGd3MzdZaERmaURZMGlDcVpCdEJHNTJlSFBhNF84dkNyM2NENmFLMkZzS0VwVHJXelpKXzJUeFR5ckJxQzltQUttQm1DZ213ekZJUXphdFkxSGx0bVhlTXpOS1pabVlFdl9OWmdPYS00NzRFakJ1eWpEM3BIeGw4MnZFTjl5VlhDcG1WRWhhdXFuZjZHNF9xTzVWVURGM0RCNGhfQ1Vnc1BBUFVocUc0Q20wUVIwYTd6RTVZbkR6MmtrTnozZVByUkVsVUlmU3c3UHdaWHFSWHlOTXNS?oc=5
conference_abstracts,AtriCure earnings on deck as analysts split on growth outlook - Investing.com,2026-02-17,Google News: atrial fibrillation (7d) · Match: AtriCure,https://news.google.com/rss/articles/CBMivwFBVV95cUxPQUFLano0TExfWTQ1a0JvVllIMTMxOHlfcXhUTzRkeUpMOGxTNmlMcm4xeGJqbUxlTE9VZzNoNVZQQlJzbjNjRW5OaTI3Q1ZxSi1mRmlXaUVvWk9qaE8wMW9KV2l6U0xrdWhSU3NmajVJY0JocjMxdFdiYUVrbmVseGZYaUI5aXd2LUtXTkZBcmtKREF3UWVRTmhGWXM3ZjVEdWQ4a1AteE5YWEZ4cHJMa0pSZ0E1WE5lQkZ1SnJwdw?oc=5
press_pipeline,Early voting begins in Texas for March primary | Gov. Abbott casts vote - KVUE,2026-02-17,Google News: AFib watchlist 8 · Match: Abbott,https://news.google.com/rss/articles/CBMi8wFBVV95cUxPeV8yQXNYWVdUc1gyWm5qcDQ4N1dac0VLRWZlZ25MVUxiaWhUUmprZ1pYaDRYMWFncml6ZHJrYXhYSXRBbERGczhPOXlMR241Y3ZFWmUxS3VLR3o0QXlYQW1sam5UNzc2UENGQ294bUg2MHFZdWtKbWk0UHhqTDR0aVZqVTdXLXN6M0duN2RrcEZ3V3FJRElIbkRuTVpneVVxSVhRTnJkaGExZWtxdWVHeTRQSTZpMUI3SjVlM1AtZUFkTTdLMlc0LW1ybkU0OXBkaWFQcVRLVUtrS1dlUUZyUEMzTGdGZS1Ud2RYRXBYVzRUdnc?oc=5
